Fitter report for PROCESSOR_PIPELINE
Tue Dec 16 09:42:24 2025
Quartus II 64-Bit Version 13.0.1 Build 232 06/12/2013 Service Pack 1 SJ Web Edition


---------------------
; Table of Contents ;
---------------------
  1. Legal Notice
  2. Fitter Summary
  3. Fitter Settings
  4. Parallel Compilation
  5. Incremental Compilation Preservation Summary
  6. Incremental Compilation Partition Settings
  7. Incremental Compilation Placement Preservation
  8. Pin-Out File
  9. Fitter Resource Usage Summary
 10. Fitter Partition Statistics
 11. Input Pins
 12. Output Pins
 13. I/O Bank Usage
 14. All Package Pins
 15. Output Pin Default Load For Reported TCO
 16. Fitter Resource Utilization by Entity
 17. Delay Chain Summary
 18. Pad To Core Delay Chain Fanout
 19. Control Signals
 20. Global & Other Fast Signals
 21. Non-Global High Fan-Out Signals
 22. Fitter DSP Block Usage Summary
 23. DSP Block Details
 24. Other Routing Usage Summary
 25. LAB Logic Elements
 26. LAB-wide Signals
 27. LAB Signals Sourced
 28. LAB Signals Sourced Out
 29. LAB Distinct Inputs
 30. Fitter Device Options
 31. Operating Settings and Conditions
 32. Fitter Messages
 33. Fitter Suppressed Messages



----------------
; Legal Notice ;
----------------
Copyright (C) 1991-2013 Altera Corporation
Your use of Altera Corporation's design tools, logic functions 
and other software and tools, and its AMPP partner logic 
functions, and any output files from any of the foregoing 
(including device programming or simulation files), and any 
associated documentation or information are expressly subject 
to the terms and conditions of the Altera Program License 
Subscription Agreement, Altera MegaCore Function License 
Agreement, or other applicable license agreement, including, 
without limitation, that your use is for the sole purpose of 
programming logic devices manufactured by Altera and sold by 
Altera or its authorized distributors.  Please refer to the 
applicable agreement for further details.



+--------------------------------------------------------------------------------------+
; Fitter Summary                                                                       ;
+------------------------------------+-------------------------------------------------+
; Fitter Status                      ; Successful - Tue Dec 16 09:42:24 2025           ;
; Quartus II 64-Bit Version          ; 13.0.1 Build 232 06/12/2013 SP 1 SJ Web Edition ;
; Revision Name                      ; PROCESSOR_PIPELINE                              ;
; Top-level Entity Name              ; PROCESSOR_PIPELINE                              ;
; Family                             ; Cyclone II                                      ;
; Device                             ; EP2C35F672C6                                    ;
; Timing Models                      ; Final                                           ;
; Total logic elements               ; 2,081 / 33,216 ( 6 % )                          ;
;     Total combinational functions  ; 1,644 / 33,216 ( 5 % )                          ;
;     Dedicated logic registers      ; 1,191 / 33,216 ( 4 % )                          ;
; Total registers                    ; 1191                                            ;
; Total pins                         ; 3 / 475 ( < 1 % )                               ;
; Total virtual pins                 ; 0                                               ;
; Total memory bits                  ; 0 / 483,840 ( 0 % )                             ;
; Embedded Multiplier 9-bit elements ; 6 / 70 ( 9 % )                                  ;
; Total PLLs                         ; 0 / 4 ( 0 % )                                   ;
+------------------------------------+-------------------------------------------------+


+----------------------------------------------------------------------------------------------------------------------------------------------+
; Fitter Settings                                                                                                                              ;
+----------------------------------------------------------------------------+--------------------------------+--------------------------------+
; Option                                                                     ; Setting                        ; Default Value                  ;
+----------------------------------------------------------------------------+--------------------------------+--------------------------------+
; Device                                                                     ; EP2C35F672C6                   ;                                ;
; Minimum Core Junction Temperature                                          ; 0                              ;                                ;
; Maximum Core Junction Temperature                                          ; 85                             ;                                ;
; Fit Attempts to Skip                                                       ; 0                              ; 0.0                            ;
; Use smart compilation                                                      ; Off                            ; Off                            ;
; Enable parallel Assembler and TimeQuest Timing Analyzer during compilation ; On                             ; On                             ;
; Enable compact report table                                                ; Off                            ; Off                            ;
; Auto Merge PLLs                                                            ; On                             ; On                             ;
; Ignore PLL Mode When Merging PLLs                                          ; Off                            ; Off                            ;
; Router Timing Optimization Level                                           ; Normal                         ; Normal                         ;
; Placement Effort Multiplier                                                ; 1.0                            ; 1.0                            ;
; Router Effort Multiplier                                                   ; 1.0                            ; 1.0                            ;
; Always Enable Input Buffers                                                ; Off                            ; Off                            ;
; Optimize Hold Timing                                                       ; IO Paths and Minimum TPD Paths ; IO Paths and Minimum TPD Paths ;
; Optimize Multi-Corner Timing                                               ; On                             ; On                             ;
; PowerPlay Power Optimization                                               ; Normal compilation             ; Normal compilation             ;
; Optimize Timing                                                            ; Normal compilation             ; Normal compilation             ;
; Optimize Timing for ECOs                                                   ; Off                            ; Off                            ;
; Regenerate full fit report during ECO compiles                             ; Off                            ; Off                            ;
; Optimize IOC Register Placement for Timing                                 ; Normal                         ; Normal                         ;
; Limit to One Fitting Attempt                                               ; Off                            ; Off                            ;
; Final Placement Optimizations                                              ; Automatically                  ; Automatically                  ;
; Fitter Aggressive Routability Optimizations                                ; Automatically                  ; Automatically                  ;
; Fitter Initial Placement Seed                                              ; 1                              ; 1                              ;
; PCI I/O                                                                    ; Off                            ; Off                            ;
; Weak Pull-Up Resistor                                                      ; Off                            ; Off                            ;
; Enable Bus-Hold Circuitry                                                  ; Off                            ; Off                            ;
; Auto Global Memory Control Signals                                         ; Off                            ; Off                            ;
; Auto Packed Registers                                                      ; Auto                           ; Auto                           ;
; Auto Delay Chains                                                          ; On                             ; On                             ;
; Auto Delay Chains for High Fanout Input Pins                               ; Off                            ; Off                            ;
; Perform Physical Synthesis for Combinational Logic for Fitting             ; Off                            ; Off                            ;
; Perform Physical Synthesis for Combinational Logic for Performance         ; Off                            ; Off                            ;
; Perform Register Duplication for Performance                               ; Off                            ; Off                            ;
; Perform Logic to Memory Mapping for Fitting                                ; Off                            ; Off                            ;
; Perform Register Retiming for Performance                                  ; Off                            ; Off                            ;
; Perform Asynchronous Signal Pipelining                                     ; Off                            ; Off                            ;
; Fitter Effort                                                              ; Auto Fit                       ; Auto Fit                       ;
; Physical Synthesis Effort Level                                            ; Normal                         ; Normal                         ;
; Auto Global Clock                                                          ; On                             ; On                             ;
; Auto Global Register Control Signals                                       ; On                             ; On                             ;
; Force Fitter to Avoid Periphery Placement Warnings                         ; Off                            ; Off                            ;
+----------------------------------------------------------------------------+--------------------------------+--------------------------------+


Parallel compilation was disabled, but you have multiple processors available. Enable parallel compilation to reduce compilation time.
+-------------------------------------+
; Parallel Compilation                ;
+----------------------------+--------+
; Processors                 ; Number ;
+----------------------------+--------+
; Number detected on machine ; 16     ;
; Maximum allowed            ; 1      ;
+----------------------------+--------+


+----------------------------------------------+
; Incremental Compilation Preservation Summary ;
+---------------------+------------------------+
; Type                ; Value                  ;
+---------------------+------------------------+
; Placement (by node) ;                        ;
;     -- Requested    ; 0 / 2849 ( 0.00 % )    ;
;     -- Achieved     ; 0 / 2849 ( 0.00 % )    ;
;                     ;                        ;
; Routing (by net)    ;                        ;
;     -- Requested    ; 0 / 0 ( 0.00 % )       ;
;     -- Achieved     ; 0 / 0 ( 0.00 % )       ;
+---------------------+------------------------+


+----------------------------------------------------------------------------------------------------------------------------------------------------------------------------------------+
; Incremental Compilation Partition Settings                                                                                                                                             ;
+--------------------------------+----------------+-------------------+-------------------------+------------------------+------------------------------+--------------------------------+
; Partition Name                 ; Partition Type ; Netlist Type Used ; Preservation Level Used ; Netlist Type Requested ; Preservation Level Requested ; Contents                       ;
+--------------------------------+----------------+-------------------+-------------------------+------------------------+------------------------------+--------------------------------+
; Top                            ; User-created   ; Source File       ; N/A                     ; Source File            ; N/A                          ;                                ;
; hard_block:auto_generated_inst ; Auto-generated ; Source File       ; N/A                     ; Source File            ; N/A                          ; hard_block:auto_generated_inst ;
+--------------------------------+----------------+-------------------+-------------------------+------------------------+------------------------------+--------------------------------+


+------------------------------------------------------------------------------------------------------------+
; Incremental Compilation Placement Preservation                                                             ;
+--------------------------------+---------+-------------------+-------------------------+-------------------+
; Partition Name                 ; # Nodes ; # Preserved Nodes ; Preservation Level Used ; Netlist Type Used ;
+--------------------------------+---------+-------------------+-------------------------+-------------------+
; Top                            ; 2846    ; 0                 ; N/A                     ; Source File       ;
; hard_block:auto_generated_inst ; 3       ; 0                 ; N/A                     ; Source File       ;
+--------------------------------+---------+-------------------+-------------------------+-------------------+


+--------------+
; Pin-Out File ;
+--------------+
The pin-out file can be found in D:/Quartus 2/Chuyen_de/Thi_CK/RISC_V_v2/output_files/PROCESSOR_PIPELINE.pin.


+----------------------------------------------------------------------+
; Fitter Resource Usage Summary                                        ;
+---------------------------------------------+------------------------+
; Resource                                    ; Usage                  ;
+---------------------------------------------+------------------------+
; Total logic elements                        ; 2,081 / 33,216 ( 6 % ) ;
;     -- Combinational with no register       ; 890                    ;
;     -- Register only                        ; 437                    ;
;     -- Combinational with a register        ; 754                    ;
;                                             ;                        ;
; Logic element usage by number of LUT inputs ;                        ;
;     -- 4 input functions                    ; 1111                   ;
;     -- 3 input functions                    ; 394                    ;
;     -- <=2 input functions                  ; 139                    ;
;     -- Register only                        ; 437                    ;
;                                             ;                        ;
; Logic elements by mode                      ;                        ;
;     -- normal mode                          ; 1527                   ;
;     -- arithmetic mode                      ; 117                    ;
;                                             ;                        ;
; Total registers*                            ; 1,191 / 34,593 ( 3 % ) ;
;     -- Dedicated logic registers            ; 1,191 / 33,216 ( 4 % ) ;
;     -- I/O registers                        ; 0 / 1,377 ( 0 % )      ;
;                                             ;                        ;
; Total LABs:  partially or completely used   ; 143 / 2,076 ( 7 % )    ;
; Virtual pins                                ; 0                      ;
; I/O pins                                    ; 3 / 475 ( < 1 % )      ;
;     -- Clock pins                           ; 1 / 8 ( 13 % )         ;
;                                             ;                        ;
; Global signals                              ; 2                      ;
; M4Ks                                        ; 0 / 105 ( 0 % )        ;
; Total block memory bits                     ; 0 / 483,840 ( 0 % )    ;
; Total block memory implementation bits      ; 0 / 483,840 ( 0 % )    ;
; Embedded Multiplier 9-bit elements          ; 6 / 70 ( 9 % )         ;
; PLLs                                        ; 0 / 4 ( 0 % )          ;
; Global clocks                               ; 2 / 16 ( 13 % )        ;
; JTAGs                                       ; 0 / 1 ( 0 % )          ;
; ASMI blocks                                 ; 0 / 1 ( 0 % )          ;
; CRC blocks                                  ; 0 / 1 ( 0 % )          ;
; Average interconnect usage (total/H/V)      ; 2% / 2% / 2%           ;
; Peak interconnect usage (total/H/V)         ; 26% / 25% / 29%        ;
; Maximum fan-out                             ; 1191                   ;
; Highest non-global fan-out                  ; 258                    ;
; Total fan-out                               ; 10614                  ;
; Average fan-out                             ; 3.63                   ;
+---------------------------------------------+------------------------+
*  Register count does not include registers inside RAM blocks or DSP blocks.



+-----------------------------------------------------------------------------------------------------+
; Fitter Partition Statistics                                                                         ;
+---------------------------------------------+----------------------+--------------------------------+
; Statistic                                   ; Top                  ; hard_block:auto_generated_inst ;
+---------------------------------------------+----------------------+--------------------------------+
; Difficulty Clustering Region                ; Low                  ; Low                            ;
;                                             ;                      ;                                ;
; Total logic elements                        ; 2081 / 33216 ( 6 % ) ; 0 / 33216 ( 0 % )              ;
;     -- Combinational with no register       ; 890                  ; 0                              ;
;     -- Register only                        ; 437                  ; 0                              ;
;     -- Combinational with a register        ; 754                  ; 0                              ;
;                                             ;                      ;                                ;
; Logic element usage by number of LUT inputs ;                      ;                                ;
;     -- 4 input functions                    ; 1111                 ; 0                              ;
;     -- 3 input functions                    ; 394                  ; 0                              ;
;     -- <=2 input functions                  ; 139                  ; 0                              ;
;     -- Register only                        ; 437                  ; 0                              ;
;                                             ;                      ;                                ;
; Logic elements by mode                      ;                      ;                                ;
;     -- normal mode                          ; 1527                 ; 0                              ;
;     -- arithmetic mode                      ; 117                  ; 0                              ;
;                                             ;                      ;                                ;
; Total registers                             ; 1191                 ; 0                              ;
;     -- Dedicated logic registers            ; 1191 / 33216 ( 4 % ) ; 0 / 33216 ( 0 % )              ;
;                                             ;                      ;                                ;
; Total LABs:  partially or completely used   ; 143 / 2076 ( 7 % )   ; 0 / 2076 ( 0 % )               ;
;                                             ;                      ;                                ;
; Virtual pins                                ; 0                    ; 0                              ;
; I/O pins                                    ; 3                    ; 0                              ;
; Embedded Multiplier 9-bit elements          ; 6 / 70 ( 9 % )       ; 0 / 70 ( 0 % )                 ;
; Total memory bits                           ; 0                    ; 0                              ;
; Total RAM block bits                        ; 0                    ; 0                              ;
; Clock control block                         ; 2 / 20 ( 10 % )      ; 0 / 20 ( 0 % )                 ;
;                                             ;                      ;                                ;
; Connections                                 ;                      ;                                ;
;     -- Input Connections                    ; 0                    ; 0                              ;
;     -- Registered Input Connections         ; 0                    ; 0                              ;
;     -- Output Connections                   ; 0                    ; 0                              ;
;     -- Registered Output Connections        ; 0                    ; 0                              ;
;                                             ;                      ;                                ;
; Internal Connections                        ;                      ;                                ;
;     -- Total Connections                    ; 10722                ; 0                              ;
;     -- Registered Connections               ; 3781                 ; 0                              ;
;                                             ;                      ;                                ;
; External Connections                        ;                      ;                                ;
;     -- Top                                  ; 0                    ; 0                              ;
;     -- hard_block:auto_generated_inst       ; 0                    ; 0                              ;
;                                             ;                      ;                                ;
; Partition Interface                         ;                      ;                                ;
;     -- Input Ports                          ; 2                    ; 0                              ;
;     -- Output Ports                         ; 1                    ; 0                              ;
;     -- Bidir Ports                          ; 0                    ; 0                              ;
;                                             ;                      ;                                ;
; Registered Ports                            ;                      ;                                ;
;     -- Registered Input Ports               ; 0                    ; 0                              ;
;     -- Registered Output Ports              ; 0                    ; 0                              ;
;                                             ;                      ;                                ;
; Port Connectivity                           ;                      ;                                ;
;     -- Input Ports driven by GND            ; 0                    ; 0                              ;
;     -- Output Ports driven by GND           ; 0                    ; 0                              ;
;     -- Input Ports driven by VCC            ; 0                    ; 0                              ;
;     -- Output Ports driven by VCC           ; 0                    ; 0                              ;
;     -- Input Ports with no Source           ; 0                    ; 0                              ;
;     -- Output Ports with no Source          ; 0                    ; 0                              ;
;     -- Input Ports with no Fanout           ; 0                    ; 0                              ;
;     -- Output Ports with no Fanout          ; 0                    ; 0                              ;
+---------------------------------------------+----------------------+--------------------------------+


+-------------------------------------------------------------------------------------------------------------------------------------------------------------------------------------------------------------------------------------------------------------+
; Input Pins                                                                                                                                                                                                                                                  ;
+-------+-------+----------+--------------+--------------+-------------+-----------------------+--------------------+--------+----------------+---------------+-----------------+----------+--------------+--------------+-------------+----------------------+
; Name  ; Pin # ; I/O Bank ; X coordinate ; Y coordinate ; Cell number ; Combinational Fan-Out ; Registered Fan-Out ; Global ; Input Register ; Power Up High ; PCI I/O Enabled ; Bus Hold ; Weak Pull Up ; I/O Standard ; Termination ; Location assigned by ;
+-------+-------+----------+--------------+--------------+-------------+-----------------------+--------------------+--------+----------------+---------------+-----------------+----------+--------------+--------------+-------------+----------------------+
; clock ; P2    ; 1        ; 0            ; 18           ; 2           ; 1                     ; 0                  ; yes    ; no             ; no            ; no              ; no       ; Off          ; 3.3-V LVTTL  ; Off         ; Fitter               ;
; reset ; P1    ; 1        ; 0            ; 18           ; 3           ; 13                    ; 0                  ; yes    ; no             ; no            ; no              ; no       ; Off          ; 3.3-V LVTTL  ; Off         ; Fitter               ;
+-------+-------+----------+--------------+--------------+-------------+-----------------------+--------------------+--------+----------------+---------------+-----------------+----------+--------------+--------------+-------------+----------------------+


+------------------------------------------------------------------------------------------------------------------------------------------------------------------------------------------------------------------------------------------------------------------------------------------------------------------------------------+
; Output Pins                                                                                                                                                                                                                                                                                                                        ;
+------+-------+----------+--------------+--------------+-------------+-----------------+------------------------+---------------+-----------------+------------+---------------+----------+--------------+--------------+------------------+-------------+----------------------+------+----------------------+---------------------+
; Name ; Pin # ; I/O Bank ; X coordinate ; Y coordinate ; Cell number ; Output Register ; Output Enable Register ; Power Up High ; PCI I/O Enabled ; Open Drain ; TRI Primitive ; Bus Hold ; Weak Pull Up ; I/O Standard ; Current Strength ; Termination ; Location assigned by ; Load ; Output Enable Source ; Output Enable Group ;
+------+-------+----------+--------------+--------------+-------------+-----------------+------------------------+---------------+-----------------+------------+---------------+----------+--------------+--------------+------------------+-------------+----------------------+------+----------------------+---------------------+
; zero ; AC15  ; 7        ; 40           ; 0            ; 1           ; no              ; no                     ; no            ; no              ; no         ; no            ; no       ; Off          ; 3.3-V LVTTL  ; 24mA             ; Off         ; Fitter               ; 0 pF ; -                    ; -                   ;
+------+-------+----------+--------------+--------------+-------------+-----------------+------------------------+---------------+-----------------+------------+---------------+----------+--------------+--------------+------------------+-------------+----------------------+------+----------------------+---------------------+


+----------------------------------------------------------+
; I/O Bank Usage                                           ;
+----------+----------------+---------------+--------------+
; I/O Bank ; Usage          ; VCCIO Voltage ; VREF Voltage ;
+----------+----------------+---------------+--------------+
; 1        ; 2 / 64 ( 3 % ) ; 3.3V          ; --           ;
; 2        ; 2 / 59 ( 3 % ) ; 3.3V          ; --           ;
; 3        ; 0 / 56 ( 0 % ) ; 3.3V          ; --           ;
; 4        ; 0 / 58 ( 0 % ) ; 3.3V          ; --           ;
; 5        ; 0 / 65 ( 0 % ) ; 3.3V          ; --           ;
; 6        ; 1 / 59 ( 2 % ) ; 3.3V          ; --           ;
; 7        ; 1 / 58 ( 2 % ) ; 3.3V          ; --           ;
; 8        ; 0 / 56 ( 0 % ) ; 3.3V          ; --           ;
+----------+----------------+---------------+--------------+


+------------------------------------------------------------------------------------------------------------------------------------------------------------------------+
; All Package Pins                                                                                                                                                       ;
+----------+------------+----------+------------------------------------------+--------+--------------+---------+------------+-----------------+----------+--------------+
; Location ; Pad Number ; I/O Bank ; Pin Name/Usage                           ; Dir.   ; I/O Standard ; Voltage ; I/O Type   ; User Assignment ; Bus Hold ; Weak Pull Up ;
+----------+------------+----------+------------------------------------------+--------+--------------+---------+------------+-----------------+----------+--------------+
; A2       ;            ;          ; GND                                      ; gnd    ;              ;         ; --         ;                 ; --       ; --           ;
; A3       ;            ; 3        ; VCCIO3                                   ; power  ;              ; 3.3V    ; --         ;                 ; --       ; --           ;
; A4       ; 484        ; 3        ; GND*                                     ;        ;              ;         ; Column I/O ;                 ; no       ; Off          ;
; A5       ; 482        ; 3        ; GND*                                     ;        ;              ;         ; Column I/O ;                 ; no       ; Off          ;
; A6       ; 479        ; 3        ; GND*                                     ;        ;              ;         ; Column I/O ;                 ; no       ; Off          ;
; A7       ; 465        ; 3        ; GND*                                     ;        ;              ;         ; Column I/O ;                 ; no       ; Off          ;
; A8       ; 457        ; 3        ; GND*                                     ;        ;              ;         ; Column I/O ;                 ; no       ; Off          ;
; A9       ; 451        ; 3        ; GND*                                     ;        ;              ;         ; Column I/O ;                 ; no       ; Off          ;
; A10      ; 447        ; 3        ; GND*                                     ;        ;              ;         ; Column I/O ;                 ; no       ; Off          ;
; A11      ;            ; 3        ; VCCIO3                                   ; power  ;              ; 3.3V    ; --         ;                 ; --       ; --           ;
; A12      ;            ;          ; GND                                      ; gnd    ;              ;         ; --         ;                 ; --       ; --           ;
; A13      ; 430        ; 4        ; GND+                                     ;        ;              ;         ; Column I/O ;                 ; --       ; --           ;
; A14      ; 427        ; 4        ; GND*                                     ;        ;              ;         ; Column I/O ;                 ; no       ; Off          ;
; A15      ;            ;          ; GND                                      ; gnd    ;              ;         ; --         ;                 ; --       ; --           ;
; A16      ;            ; 4        ; VCCIO4                                   ; power  ;              ; 3.3V    ; --         ;                 ; --       ; --           ;
; A17      ; 412        ; 4        ; GND*                                     ;        ;              ;         ; Column I/O ;                 ; no       ; Off          ;
; A18      ; 406        ; 4        ; GND*                                     ;        ;              ;         ; Column I/O ;                 ; no       ; Off          ;
; A19      ; 394        ; 4        ; GND*                                     ;        ;              ;         ; Column I/O ;                 ; no       ; Off          ;
; A20      ; 390        ; 4        ; GND*                                     ;        ;              ;         ; Column I/O ;                 ; no       ; Off          ;
; A21      ; 382        ; 4        ; GND*                                     ;        ;              ;         ; Column I/O ;                 ; no       ; Off          ;
; A22      ; 379        ; 4        ; GND*                                     ;        ;              ;         ; Column I/O ;                 ; no       ; Off          ;
; A23      ; 378        ; 4        ; GND*                                     ;        ;              ;         ; Column I/O ;                 ; no       ; Off          ;
; A24      ;            ; 4        ; VCCIO4                                   ; power  ;              ; 3.3V    ; --         ;                 ; --       ; --           ;
; A25      ;            ;          ; GND                                      ; gnd    ;              ;         ; --         ;                 ; --       ; --           ;
; AA1      ; 107        ; 1        ; GND*                                     ;        ;              ;         ; Row I/O    ;                 ; no       ; Off          ;
; AA2      ; 106        ; 1        ; GND*                                     ;        ;              ;         ; Row I/O    ;                 ; no       ; Off          ;
; AA3      ; 117        ; 1        ; GND*                                     ;        ;              ;         ; Row I/O    ;                 ; no       ; Off          ;
; AA4      ; 116        ; 1        ; GND*                                     ;        ;              ;         ; Row I/O    ;                 ; no       ; Off          ;
; AA5      ; 120        ; 1        ; GND*                                     ;        ;              ;         ; Row I/O    ;                 ; no       ; Off          ;
; AA6      ; 130        ; 1        ; GND*                                     ;        ;              ;         ; Row I/O    ;                 ; no       ; Off          ;
; AA7      ; 129        ; 1        ; GND*                                     ;        ;              ;         ; Row I/O    ;                 ; no       ; Off          ;
; AA8      ;            ;          ; VCCA_PLL1                                ; power  ;              ; 1.2V    ; --         ;                 ; --       ; --           ;
; AA9      ; 152        ; 8        ; GND*                                     ;        ;              ;         ; Column I/O ;                 ; no       ; Off          ;
; AA10     ; 153        ; 8        ; GND*                                     ;        ;              ;         ; Column I/O ;                 ; no       ; Off          ;
; AA11     ; 155        ; 8        ; GND*                                     ;        ;              ;         ; Column I/O ;                 ; no       ; Off          ;
; AA12     ; 179        ; 8        ; GND*                                     ;        ;              ;         ; Column I/O ;                 ; no       ; Off          ;
; AA13     ; 192        ; 7        ; GND*                                     ;        ;              ;         ; Column I/O ;                 ; no       ; Off          ;
; AA14     ; 194        ; 7        ; GND*                                     ;        ;              ;         ; Column I/O ;                 ; no       ; Off          ;
; AA15     ; 197        ; 7        ; GND*                                     ;        ;              ;         ; Column I/O ;                 ; no       ; Off          ;
; AA16     ; 209        ; 7        ; GND*                                     ;        ;              ;         ; Column I/O ;                 ; no       ; Off          ;
; AA17     ; 219        ; 7        ; GND*                                     ;        ;              ;         ; Column I/O ;                 ; no       ; Off          ;
; AA18     ; 220        ; 7        ; GND*                                     ;        ;              ;         ; Column I/O ;                 ; no       ; Off          ;
; AA19     ;            ;          ; VCCA_PLL4                                ; power  ;              ; 1.2V    ; --         ;                 ; --       ; --           ;
; AA20     ; 230        ; 7        ; GND*                                     ;        ;              ;         ; Column I/O ;                 ; no       ; Off          ;
; AA21     ;            ;          ; GND_PLL4                                 ; gnd    ;              ;         ; --         ;                 ; --       ; --           ;
; AA22     ;            ; 6        ; VCCIO6                                   ; power  ;              ; 3.3V    ; --         ;                 ; --       ; --           ;
; AA23     ; 256        ; 6        ; GND*                                     ;        ;              ;         ; Row I/O    ;                 ; no       ; Off          ;
; AA24     ; 255        ; 6        ; GND*                                     ;        ;              ;         ; Row I/O    ;                 ; no       ; Off          ;
; AA25     ; 266        ; 6        ; GND*                                     ;        ;              ;         ; Row I/O    ;                 ; no       ; Off          ;
; AA26     ; 267        ; 6        ; GND*                                     ;        ;              ;         ; Row I/O    ;                 ; no       ; Off          ;
; AB1      ; 115        ; 1        ; GND*                                     ;        ;              ;         ; Row I/O    ;                 ; no       ; Off          ;
; AB2      ; 114        ; 1        ; GND*                                     ;        ;              ;         ; Row I/O    ;                 ; no       ; Off          ;
; AB3      ; 126        ; 1        ; GND*                                     ;        ;              ;         ; Row I/O    ;                 ; no       ; Off          ;
; AB4      ; 127        ; 1        ; GND*                                     ;        ;              ;         ; Row I/O    ;                 ; no       ; Off          ;
; AB5      ;            ; 1        ; VCCIO1                                   ; power  ;              ; 3.3V    ; --         ;                 ; --       ; --           ;
; AB6      ;            ; 8        ; VCCIO8                                   ; power  ;              ; 3.3V    ; --         ;                 ; --       ; --           ;
; AB7      ;            ;          ; GND                                      ; gnd    ;              ;         ; --         ;                 ; --       ; --           ;
; AB8      ; 147        ; 8        ; GND*                                     ;        ;              ;         ; Column I/O ;                 ; no       ; Off          ;
; AB9      ;            ; 8        ; VCCIO8                                   ; power  ;              ; 3.3V    ; --         ;                 ; --       ; --           ;
; AB10     ; 154        ; 8        ; GND*                                     ;        ;              ;         ; Column I/O ;                 ; no       ; Off          ;
; AB11     ;            ;          ; GND                                      ; gnd    ;              ;         ; --         ;                 ; --       ; --           ;
; AB12     ; 171        ; 8        ; GND*                                     ;        ;              ;         ; Column I/O ;                 ; no       ; Off          ;
; AB13     ;            ; 8        ; VCCIO8                                   ; power  ;              ; 3.3V    ; --         ;                 ; --       ; --           ;
; AB14     ;            ; 7        ; VCCIO7                                   ; power  ;              ; 3.3V    ; --         ;                 ; --       ; --           ;
; AB15     ; 198        ; 7        ; GND*                                     ;        ;              ;         ; Column I/O ;                 ; no       ; Off          ;
; AB16     ;            ;          ; GND                                      ; gnd    ;              ;         ; --         ;                 ; --       ; --           ;
; AB17     ;            ; 7        ; VCCIO7                                   ; power  ;              ; 3.3V    ; --         ;                 ; --       ; --           ;
; AB18     ; 215        ; 7        ; GND*                                     ;        ;              ;         ; Column I/O ;                 ; no       ; Off          ;
; AB19     ;            ;          ; GND                                      ; gnd    ;              ;         ; --         ;                 ; --       ; --           ;
; AB20     ; 225        ; 7        ; GND*                                     ;        ;              ;         ; Column I/O ;                 ; no       ; Off          ;
; AB21     ; 242        ; 7        ; GND*                                     ;        ;              ;         ; Column I/O ;                 ; no       ; Off          ;
; AB22     ;            ; 7        ; VCCIO7                                   ; power  ;              ; 3.3V    ; --         ;                 ; --       ; --           ;
; AB23     ; 258        ; 6        ; GND*                                     ;        ;              ;         ; Row I/O    ;                 ; no       ; Off          ;
; AB24     ; 257        ; 6        ; GND*                                     ;        ;              ;         ; Row I/O    ;                 ; no       ; Off          ;
; AB25     ; 263        ; 6        ; GND*                                     ;        ;              ;         ; Row I/O    ;                 ; no       ; Off          ;
; AB26     ; 262        ; 6        ; GND*                                     ;        ;              ;         ; Row I/O    ;                 ; no       ; Off          ;
; AC1      ; 119        ; 1        ; GND*                                     ;        ;              ;         ; Row I/O    ;                 ; no       ; Off          ;
; AC2      ; 118        ; 1        ; GND*                                     ;        ;              ;         ; Row I/O    ;                 ; no       ; Off          ;
; AC3      ; 128        ; 1        ; GND*                                     ;        ;              ;         ; Row I/O    ;                 ; no       ; Off          ;
; AC4      ;            ;          ; GND                                      ; gnd    ;              ;         ; --         ;                 ; --       ; --           ;
; AC5      ; 133        ; 8        ; GND*                                     ;        ;              ;         ; Column I/O ;                 ; no       ; Off          ;
; AC6      ; 134        ; 8        ; GND*                                     ;        ;              ;         ; Column I/O ;                 ; no       ; Off          ;
; AC7      ; 143        ; 8        ; GND*                                     ;        ;              ;         ; Column I/O ;                 ; --       ; --           ;
; AC8      ; 148        ; 8        ; GND*                                     ;        ;              ;         ; Column I/O ;                 ; no       ; Off          ;
; AC9      ; 163        ; 8        ; GND*                                     ;        ;              ;         ; Column I/O ;                 ; no       ; Off          ;
; AC10     ; 164        ; 8        ; GND*                                     ;        ;              ;         ; Column I/O ;                 ; no       ; Off          ;
; AC11     ; 168        ; 8        ; GND*                                     ;        ;              ;         ; Column I/O ;                 ; no       ; Off          ;
; AC12     ; 172        ; 8        ; GND*                                     ;        ;              ;         ; Column I/O ;                 ; --       ; --           ;
; AC13     ; 185        ; 8        ; GND+                                     ;        ;              ;         ; Column I/O ;                 ; --       ; --           ;
; AC14     ; 191        ; 7        ; GND*                                     ;        ;              ;         ; Column I/O ;                 ; no       ; Off          ;
; AC15     ; 199        ; 7        ; zero                                     ; output ; 3.3-V LVTTL  ;         ; Column I/O ; N               ; no       ; Off          ;
; AC16     ; 202        ; 7        ; GND*                                     ;        ;              ;         ; Column I/O ;                 ; --       ; --           ;
; AC17     ; 207        ; 7        ; GND*                                     ;        ;              ;         ; Column I/O ;                 ; no       ; Off          ;
; AC18     ; 216        ; 7        ; GND*                                     ;        ;              ;         ; Column I/O ;                 ; no       ; Off          ;
; AC19     ; 222        ; 7        ; GND*                                     ;        ;              ;         ; Column I/O ;                 ; no       ; Off          ;
; AC20     ; 226        ; 7        ; GND*                                     ;        ;              ;         ; Column I/O ;                 ; no       ; Off          ;
; AC21     ; 237        ; 7        ; GND*                                     ;        ;              ;         ; Column I/O ;                 ; no       ; Off          ;
; AC22     ; 241        ; 7        ; GND*                                     ;        ;              ;         ; Column I/O ;                 ; no       ; Off          ;
; AC23     ; 245        ; 6        ; GND*                                     ;        ;              ;         ; Row I/O    ;                 ; no       ; Off          ;
; AC24     ;            ;          ; NC                                       ;        ;              ;         ; --         ;                 ; --       ; --           ;
; AC25     ; 260        ; 6        ; GND*                                     ;        ;              ;         ; Row I/O    ;                 ; no       ; Off          ;
; AC26     ; 261        ; 6        ; GND*                                     ;        ;              ;         ; Row I/O    ;                 ; no       ; Off          ;
; AD1      ;            ; 1        ; VCCIO1                                   ; power  ;              ; 3.3V    ; --         ;                 ; --       ; --           ;
; AD2      ; 122        ; 1        ; GND*                                     ;        ;              ;         ; Row I/O    ;                 ; no       ; Off          ;
; AD3      ; 123        ; 1        ; GND*                                     ;        ;              ;         ; Row I/O    ;                 ; no       ; Off          ;
; AD4      ; 135        ; 8        ; GND*                                     ;        ;              ;         ; Column I/O ;                 ; no       ; Off          ;
; AD5      ; 136        ; 8        ; GND*                                     ;        ;              ;         ; Column I/O ;                 ; no       ; Off          ;
; AD6      ; 139        ; 8        ; GND*                                     ;        ;              ;         ; Column I/O ;                 ; no       ; Off          ;
; AD7      ; 140        ; 8        ; GND*                                     ;        ;              ;         ; Column I/O ;                 ; no       ; Off          ;
; AD8      ; 149        ; 8        ; GND*                                     ;        ;              ;         ; Column I/O ;                 ; no       ; Off          ;
; AD9      ;            ;          ; GND                                      ; gnd    ;              ;         ; --         ;                 ; --       ; --           ;
; AD10     ; 167        ; 8        ; GND*                                     ;        ;              ;         ; Column I/O ;                 ; no       ; Off          ;
; AD11     ; 173        ; 8        ; GND*                                     ;        ;              ;         ; Column I/O ;                 ; no       ; Off          ;
; AD12     ; 181        ; 8        ; GND*                                     ;        ;              ;         ; Column I/O ;                 ; no       ; Off          ;
; AD13     ; 186        ; 8        ; GND+                                     ;        ;              ;         ; Column I/O ;                 ; --       ; --           ;
; AD14     ;            ;          ; GND                                      ; gnd    ;              ;         ; --         ;                 ; --       ; --           ;
; AD15     ; 190        ; 7        ; GND*                                     ;        ;              ;         ; Column I/O ;                 ; no       ; Off          ;
; AD16     ; 201        ; 7        ; GND*                                     ;        ;              ;         ; Column I/O ;                 ; no       ; Off          ;
; AD17     ; 208        ; 7        ; GND*                                     ;        ;              ;         ; Column I/O ;                 ; no       ; Off          ;
; AD18     ;            ;          ; GND                                      ; gnd    ;              ;         ; --         ;                 ; --       ; --           ;
; AD19     ; 221        ; 7        ; GND*                                     ;        ;              ;         ; Column I/O ;                 ; no       ; Off          ;
; AD20     ;            ; 7        ; VCCIO7                                   ; power  ;              ; 3.3V    ; --         ;                 ; --       ; --           ;
; AD21     ; 238        ; 7        ; GND*                                     ;        ;              ;         ; Column I/O ;                 ; no       ; Off          ;
; AD22     ; 240        ; 7        ; GND*                                     ;        ;              ;         ; Column I/O ;                 ; no       ; Off          ;
; AD23     ; 239        ; 7        ; GND*                                     ;        ;              ;         ; Column I/O ;                 ; no       ; Off          ;
; AD24     ; 249        ; 6        ; GND*                                     ;        ;              ;         ; Row I/O    ;                 ; no       ; Off          ;
; AD25     ; 248        ; 6        ; GND*                                     ;        ;              ;         ; Row I/O    ;                 ; no       ; Off          ;
; AD26     ;            ; 6        ; VCCIO6                                   ; power  ;              ; 3.3V    ; --         ;                 ; --       ; --           ;
; AE1      ;            ;          ; GND                                      ; gnd    ;              ;         ; --         ;                 ; --       ; --           ;
; AE2      ; 124        ; 1        ; GND*                                     ;        ;              ;         ; Row I/O    ;                 ; no       ; Off          ;
; AE3      ; 125        ; 1        ; GND*                                     ;        ;              ;         ; Row I/O    ;                 ; no       ; Off          ;
; AE4      ; 131        ; 8        ; GND*                                     ;        ;              ;         ; Column I/O ;                 ; no       ; Off          ;
; AE5      ; 137        ; 8        ; GND*                                     ;        ;              ;         ; Column I/O ;                 ; no       ; Off          ;
; AE6      ; 150        ; 8        ; GND*                                     ;        ;              ;         ; Column I/O ;                 ; no       ; Off          ;
; AE7      ; 157        ; 8        ; GND*                                     ;        ;              ;         ; Column I/O ;                 ; no       ; Off          ;
; AE8      ; 159        ; 8        ; GND*                                     ;        ;              ;         ; Column I/O ;                 ; no       ; Off          ;
; AE9      ; 165        ; 8        ; GND*                                     ;        ;              ;         ; Column I/O ;                 ; no       ; Off          ;
; AE10     ; 169        ; 8        ; GND*                                     ;        ;              ;         ; Column I/O ;                 ; no       ; Off          ;
; AE11     ; 174        ; 8        ; GND*                                     ;        ;              ;         ; Column I/O ;                 ; no       ; Off          ;
; AE12     ; 182        ; 8        ; GND*                                     ;        ;              ;         ; Column I/O ;                 ; no       ; Off          ;
; AE13     ; 183        ; 8        ; GND*                                     ;        ;              ;         ; Column I/O ;                 ; no       ; Off          ;
; AE14     ; 188        ; 7        ; GND+                                     ;        ;              ;         ; Column I/O ;                 ; --       ; --           ;
; AE15     ; 189        ; 7        ; GND*                                     ;        ;              ;         ; Column I/O ;                 ; no       ; Off          ;
; AE16     ; 200        ; 7        ; GND*                                     ;        ;              ;         ; Column I/O ;                 ; no       ; Off          ;
; AE17     ; 206        ; 7        ; GND*                                     ;        ;              ;         ; Column I/O ;                 ; no       ; Off          ;
; AE18     ; 212        ; 7        ; GND*                                     ;        ;              ;         ; Column I/O ;                 ; no       ; Off          ;
; AE19     ; 214        ; 7        ; GND*                                     ;        ;              ;         ; Column I/O ;                 ; no       ; Off          ;
; AE20     ; 224        ; 7        ; GND*                                     ;        ;              ;         ; Column I/O ;                 ; no       ; Off          ;
; AE21     ; 228        ; 7        ; GND*                                     ;        ;              ;         ; Column I/O ;                 ; no       ; Off          ;
; AE22     ; 236        ; 7        ; GND*                                     ;        ;              ;         ; Column I/O ;                 ; no       ; Off          ;
; AE23     ; 244        ; 7        ; GND*                                     ;        ;              ;         ; Column I/O ;                 ; no       ; Off          ;
; AE24     ; 247        ; 6        ; ~LVDS150p/nCEO~                          ; output ; 3.3-V LVTTL  ;         ; Row I/O    ; N               ; no       ; Off          ;
; AE25     ; 246        ; 6        ; GND*                                     ;        ;              ;         ; Row I/O    ;                 ; no       ; Off          ;
; AE26     ;            ;          ; GND                                      ; gnd    ;              ;         ; --         ;                 ; --       ; --           ;
; AF2      ;            ;          ; GND                                      ; gnd    ;              ;         ; --         ;                 ; --       ; --           ;
; AF3      ;            ; 8        ; VCCIO8                                   ; power  ;              ; 3.3V    ; --         ;                 ; --       ; --           ;
; AF4      ; 132        ; 8        ; GND*                                     ;        ;              ;         ; Column I/O ;                 ; no       ; Off          ;
; AF5      ; 138        ; 8        ; GND*                                     ;        ;              ;         ; Column I/O ;                 ; no       ; Off          ;
; AF6      ; 151        ; 8        ; GND*                                     ;        ;              ;         ; Column I/O ;                 ; no       ; Off          ;
; AF7      ; 158        ; 8        ; GND*                                     ;        ;              ;         ; Column I/O ;                 ; no       ; Off          ;
; AF8      ; 160        ; 8        ; GND*                                     ;        ;              ;         ; Column I/O ;                 ; no       ; Off          ;
; AF9      ; 166        ; 8        ; GND*                                     ;        ;              ;         ; Column I/O ;                 ; no       ; Off          ;
; AF10     ; 170        ; 8        ; GND*                                     ;        ;              ;         ; Column I/O ;                 ; no       ; Off          ;
; AF11     ;            ; 8        ; VCCIO8                                   ; power  ;              ; 3.3V    ; --         ;                 ; --       ; --           ;
; AF12     ;            ;          ; GND                                      ; gnd    ;              ;         ; --         ;                 ; --       ; --           ;
; AF13     ; 184        ; 8        ; GND*                                     ;        ;              ;         ; Column I/O ;                 ; no       ; Off          ;
; AF14     ; 187        ; 7        ; GND+                                     ;        ;              ;         ; Column I/O ;                 ; --       ; --           ;
; AF15     ;            ;          ; GND                                      ; gnd    ;              ;         ; --         ;                 ; --       ; --           ;
; AF16     ;            ; 7        ; VCCIO7                                   ; power  ;              ; 3.3V    ; --         ;                 ; --       ; --           ;
; AF17     ; 205        ; 7        ; GND*                                     ;        ;              ;         ; Column I/O ;                 ; no       ; Off          ;
; AF18     ; 211        ; 7        ; GND*                                     ;        ;              ;         ; Column I/O ;                 ; no       ; Off          ;
; AF19     ; 213        ; 7        ; GND*                                     ;        ;              ;         ; Column I/O ;                 ; no       ; Off          ;
; AF20     ; 223        ; 7        ; GND*                                     ;        ;              ;         ; Column I/O ;                 ; no       ; Off          ;
; AF21     ; 227        ; 7        ; GND*                                     ;        ;              ;         ; Column I/O ;                 ; no       ; Off          ;
; AF22     ; 235        ; 7        ; GND*                                     ;        ;              ;         ; Column I/O ;                 ; no       ; Off          ;
; AF23     ; 243        ; 7        ; GND*                                     ;        ;              ;         ; Column I/O ;                 ; no       ; Off          ;
; AF24     ;            ; 7        ; VCCIO7                                   ; power  ;              ; 3.3V    ; --         ;                 ; --       ; --           ;
; AF25     ;            ;          ; GND                                      ; gnd    ;              ;         ; --         ;                 ; --       ; --           ;
; B1       ;            ;          ; GND                                      ; gnd    ;              ;         ; --         ;                 ; --       ; --           ;
; B2       ; 2          ; 2        ; GND*                                     ;        ;              ;         ; Row I/O    ;                 ; no       ; Off          ;
; B3       ; 3          ; 2        ; GND*                                     ;        ;              ;         ; Row I/O    ;                 ; no       ; Off          ;
; B4       ; 483        ; 3        ; GND*                                     ;        ;              ;         ; Column I/O ;                 ; no       ; Off          ;
; B5       ; 481        ; 3        ; GND*                                     ;        ;              ;         ; Column I/O ;                 ; no       ; Off          ;
; B6       ; 480        ; 3        ; GND*                                     ;        ;              ;         ; Column I/O ;                 ; no       ; Off          ;
; B7       ; 466        ; 3        ; GND*                                     ;        ;              ;         ; Column I/O ;                 ; no       ; Off          ;
; B8       ; 458        ; 3        ; GND*                                     ;        ;              ;         ; Column I/O ;                 ; no       ; Off          ;
; B9       ; 452        ; 3        ; GND*                                     ;        ;              ;         ; Column I/O ;                 ; no       ; Off          ;
; B10      ; 448        ; 3        ; GND*                                     ;        ;              ;         ; Column I/O ;                 ; no       ; Off          ;
; B11      ; 435        ; 3        ; GND*                                     ;        ;              ;         ; Column I/O ;                 ; no       ; Off          ;
; B12      ; 433        ; 3        ; GND*                                     ;        ;              ;         ; Column I/O ;                 ; no       ; Off          ;
; B13      ; 429        ; 4        ; GND+                                     ;        ;              ;         ; Column I/O ;                 ; --       ; --           ;
; B14      ; 428        ; 4        ; GND*                                     ;        ;              ;         ; Column I/O ;                 ; no       ; Off          ;
; B15      ; 420        ; 4        ; GND*                                     ;        ;              ;         ; Column I/O ;                 ; no       ; Off          ;
; B16      ; 419        ; 4        ; GND*                                     ;        ;              ;         ; Column I/O ;                 ; no       ; Off          ;
; B17      ; 411        ; 4        ; GND*                                     ;        ;              ;         ; Column I/O ;                 ; no       ; Off          ;
; B18      ; 405        ; 4        ; GND*                                     ;        ;              ;         ; Column I/O ;                 ; no       ; Off          ;
; B19      ; 393        ; 4        ; GND*                                     ;        ;              ;         ; Column I/O ;                 ; no       ; Off          ;
; B20      ; 389        ; 4        ; GND*                                     ;        ;              ;         ; Column I/O ;                 ; no       ; Off          ;
; B21      ; 381        ; 4        ; GND*                                     ;        ;              ;         ; Column I/O ;                 ; no       ; Off          ;
; B22      ; 380        ; 4        ; GND*                                     ;        ;              ;         ; Column I/O ;                 ; no       ; Off          ;
; B23      ; 377        ; 4        ; GND*                                     ;        ;              ;         ; Column I/O ;                 ; no       ; Off          ;
; B24      ; 363        ; 5        ; GND*                                     ;        ;              ;         ; Row I/O    ;                 ; no       ; Off          ;
; B25      ; 362        ; 5        ; GND*                                     ;        ;              ;         ; Row I/O    ;                 ; no       ; Off          ;
; B26      ;            ;          ; GND                                      ; gnd    ;              ;         ; --         ;                 ; --       ; --           ;
; C1       ;            ; 2        ; VCCIO2                                   ; power  ;              ; 3.3V    ; --         ;                 ; --       ; --           ;
; C2       ; 6          ; 2        ; GND*                                     ;        ;              ;         ; Row I/O    ;                 ; no       ; Off          ;
; C3       ; 7          ; 2        ; GND*                                     ;        ;              ;         ; Row I/O    ;                 ; no       ; Off          ;
; C4       ; 478        ; 3        ; GND*                                     ;        ;              ;         ; Column I/O ;                 ; no       ; Off          ;
; C5       ; 486        ; 3        ; GND*                                     ;        ;              ;         ; Column I/O ;                 ; no       ; Off          ;
; C6       ; 485        ; 3        ; GND*                                     ;        ;              ;         ; Column I/O ;                 ; no       ; Off          ;
; C7       ; 468        ; 3        ; GND*                                     ;        ;              ;         ; Column I/O ;                 ; no       ; Off          ;
; C8       ; 463        ; 3        ; GND*                                     ;        ;              ;         ; Column I/O ;                 ; no       ; Off          ;
; C9       ; 459        ; 3        ; GND*                                     ;        ;              ;         ; Column I/O ;                 ; no       ; Off          ;
; C10      ; 450        ; 3        ; GND*                                     ;        ;              ;         ; Column I/O ;                 ; no       ; Off          ;
; C11      ; 436        ; 3        ; GND*                                     ;        ;              ;         ; Column I/O ;                 ; no       ; Off          ;
; C12      ; 434        ; 3        ; GND*                                     ;        ;              ;         ; Column I/O ;                 ; no       ; Off          ;
; C13      ; 431        ; 3        ; GND+                                     ;        ;              ;         ; Column I/O ;                 ; --       ; --           ;
; C14      ;            ;          ; GND                                      ; gnd    ;              ;         ; --         ;                 ; --       ; --           ;
; C15      ; 421        ; 4        ; GND*                                     ;        ;              ;         ; Column I/O ;                 ; no       ; Off          ;
; C16      ; 418        ; 4        ; GND*                                     ;        ;              ;         ; Column I/O ;                 ; no       ; Off          ;
; C17      ; 404        ; 4        ; GND*                                     ;        ;              ;         ; Column I/O ;                 ; no       ; Off          ;
; C18      ;            ;          ; GND                                      ; gnd    ;              ;         ; --         ;                 ; --       ; --           ;
; C19      ; 391        ; 4        ; GND*                                     ;        ;              ;         ; Column I/O ;                 ; no       ; Off          ;
; C20      ;            ; 4        ; VCCIO4                                   ; power  ;              ; 3.3V    ; --         ;                 ; --       ; --           ;
; C21      ; 375        ; 4        ; GND*                                     ;        ;              ;         ; Column I/O ;                 ; no       ; Off          ;
; C22      ; 374        ; 4        ; GND*                                     ;        ;              ;         ; Column I/O ;                 ; no       ; Off          ;
; C23      ; 373        ; 4        ; GND*                                     ;        ;              ;         ; Column I/O ;                 ; no       ; Off          ;
; C24      ; 360        ; 5        ; GND*                                     ;        ;              ;         ; Row I/O    ;                 ; no       ; Off          ;
; C25      ; 361        ; 5        ; GND*                                     ;        ;              ;         ; Row I/O    ;                 ; no       ; Off          ;
; C26      ;            ; 5        ; VCCIO5                                   ; power  ;              ; 3.3V    ; --         ;                 ; --       ; --           ;
; D1       ; 13         ; 2        ; GND*                                     ;        ;              ;         ; Row I/O    ;                 ; no       ; Off          ;
; D2       ; 12         ; 2        ; GND*                                     ;        ;              ;         ; Row I/O    ;                 ; no       ; Off          ;
; D3       ; 1          ; 2        ; ~nCSO~ / RESERVED_INPUT_WITH_WEAK_PULLUP ; input  ; 3.3-V LVTTL  ;         ; Row I/O    ; N               ; no       ; On           ;
; D4       ;            ;          ; GND                                      ; gnd    ;              ;         ; --         ;                 ; --       ; --           ;
; D5       ; 477        ; 3        ; GND*                                     ;        ;              ;         ; Column I/O ;                 ; no       ; Off          ;
; D6       ; 467        ; 3        ; GND*                                     ;        ;              ;         ; Column I/O ;                 ; no       ; Off          ;
; D7       ; 469        ; 3        ; GND*                                     ;        ;              ;         ; Column I/O ;                 ; no       ; Off          ;
; D8       ; 464        ; 3        ; GND*                                     ;        ;              ;         ; Column I/O ;                 ; no       ; Off          ;
; D9       ; 460        ; 3        ; GND*                                     ;        ;              ;         ; Column I/O ;                 ; no       ; Off          ;
; D10      ; 449        ; 3        ; GND*                                     ;        ;              ;         ; Column I/O ;                 ; no       ; Off          ;
; D11      ; 445        ; 3        ; GND*                                     ;        ;              ;         ; Column I/O ;                 ; --       ; --           ;
; D12      ; 443        ; 3        ; GND*                                     ;        ;              ;         ; Column I/O ;                 ; no       ; Off          ;
; D13      ; 432        ; 3        ; GND+                                     ;        ;              ;         ; Column I/O ;                 ; --       ; --           ;
; D14      ; 426        ; 4        ; GND*                                     ;        ;              ;         ; Column I/O ;                 ; no       ; Off          ;
; D15      ; 417        ; 4        ; GND*                                     ;        ;              ;         ; Column I/O ;                 ; no       ; Off          ;
; D16      ; 415        ; 4        ; GND*                                     ;        ;              ;         ; Column I/O ;                 ; --       ; --           ;
; D17      ; 403        ; 4        ; GND*                                     ;        ;              ;         ; Column I/O ;                 ; no       ; Off          ;
; D18      ; 396        ; 4        ; GND*                                     ;        ;              ;         ; Column I/O ;                 ; no       ; Off          ;
; D19      ; 392        ; 4        ; GND*                                     ;        ;              ;         ; Column I/O ;                 ; no       ; Off          ;
; D20      ; 387        ; 4        ; GND*                                     ;        ;              ;         ; Column I/O ;                 ; no       ; Off          ;
; D21      ; 376        ; 4        ; GND*                                     ;        ;              ;         ; Column I/O ;                 ; no       ; Off          ;
; D22      ;            ; 4        ; VCCIO4                                   ; power  ;              ; 3.3V    ; --         ;                 ; --       ; --           ;
; D23      ; 369        ; 5        ; GND*                                     ;        ;              ;         ; Row I/O    ;                 ; no       ; Off          ;
; D24      ;            ;          ; GND                                      ; gnd    ;              ;         ; --         ;                 ; --       ; --           ;
; D25      ; 358        ; 5        ; GND*                                     ;        ;              ;         ; Row I/O    ;                 ; no       ; Off          ;
; D26      ; 359        ; 5        ; GND*                                     ;        ;              ;         ; Row I/O    ;                 ; no       ; Off          ;
; E1       ; 20         ; 2        ; GND*                                     ;        ;              ;         ; Row I/O    ;                 ; no       ; Off          ;
; E2       ; 19         ; 2        ; GND*                                     ;        ;              ;         ; Row I/O    ;                 ; no       ; Off          ;
; E3       ; 0          ; 2        ; ~ASDO~ / RESERVED_INPUT_WITH_WEAK_PULLUP ; input  ; 3.3-V LVTTL  ;         ; Row I/O    ; N               ; no       ; On           ;
; E4       ;            ;          ; GND_PLL3                                 ; gnd    ;              ;         ; --         ;                 ; --       ; --           ;
; E5       ; 4          ; 2        ; GND*                                     ;        ;              ;         ; Row I/O    ;                 ; no       ; Off          ;
; E6       ;            ; 3        ; VCCIO3                                   ; power  ;              ; 3.3V    ; --         ;                 ; --       ; --           ;
; E7       ;            ;          ; GND                                      ; gnd    ;              ;         ; --         ;                 ; --       ; --           ;
; E8       ; 474        ; 3        ; GND*                                     ;        ;              ;         ; Column I/O ;                 ; --       ; --           ;
; E9       ;            ; 3        ; VCCIO3                                   ; power  ;              ; 3.3V    ; --         ;                 ; --       ; --           ;
; E10      ; 453        ; 3        ; GND*                                     ;        ;              ;         ; Column I/O ;                 ; no       ; Off          ;
; E11      ;            ;          ; GND                                      ; gnd    ;              ;         ; --         ;                 ; --       ; --           ;
; E12      ; 444        ; 3        ; GND*                                     ;        ;              ;         ; Column I/O ;                 ; no       ; Off          ;
; E13      ;            ; 3        ; VCCIO3                                   ; power  ;              ; 3.3V    ; --         ;                 ; --       ; --           ;
; E14      ;            ; 4        ; VCCIO4                                   ; power  ;              ; 3.3V    ; --         ;                 ; --       ; --           ;
; E15      ; 416        ; 4        ; GND*                                     ;        ;              ;         ; Column I/O ;                 ; no       ; Off          ;
; E16      ;            ;          ; GND                                      ; gnd    ;              ;         ; --         ;                 ; --       ; --           ;
; E17      ;            ; 4        ; VCCIO4                                   ; power  ;              ; 3.3V    ; --         ;                 ; --       ; --           ;
; E18      ; 395        ; 4        ; GND*                                     ;        ;              ;         ; Column I/O ;                 ; no       ; Off          ;
; E19      ;            ;          ; GND                                      ; gnd    ;              ;         ; --         ;                 ; --       ; --           ;
; E20      ; 388        ; 4        ; GND*                                     ;        ;              ;         ; Column I/O ;                 ; --       ; --           ;
; E21      ;            ;          ; GND_PLL2                                 ; gnd    ;              ;         ; --         ;                 ; --       ; --           ;
; E22      ; 370        ; 5        ; GND*                                     ;        ;              ;         ; Row I/O    ;                 ; no       ; Off          ;
; E23      ; 365        ; 5        ; GND*                                     ;        ;              ;         ; Row I/O    ;                 ; no       ; Off          ;
; E24      ; 364        ; 5        ; GND*                                     ;        ;              ;         ; Row I/O    ;                 ; no       ; Off          ;
; E25      ; 355        ; 5        ; GND*                                     ;        ;              ;         ; Row I/O    ;                 ; no       ; Off          ;
; E26      ; 356        ; 5        ; GND*                                     ;        ;              ;         ; Row I/O    ;                 ; no       ; Off          ;
; F1       ; 29         ; 2        ; GND*                                     ;        ;              ;         ; Row I/O    ;                 ; no       ; Off          ;
; F2       ; 28         ; 2        ; GND*                                     ;        ;              ;         ; Row I/O    ;                 ; no       ; Off          ;
; F3       ; 10         ; 2        ; GND*                                     ;        ;              ;         ; Row I/O    ;                 ; no       ; Off          ;
; F4       ; 11         ; 2        ; GND*                                     ;        ;              ;         ; Row I/O    ;                 ; no       ; Off          ;
; F5       ;            ; 2        ; VCCIO2                                   ; power  ;              ; 3.3V    ; --         ;                 ; --       ; --           ;
; F6       ; 5          ; 2        ; GND*                                     ;        ;              ;         ; Row I/O    ;                 ; no       ; Off          ;
; F7       ; 14         ; 2        ; GND*                                     ;        ;              ;         ; Row I/O    ;                 ; no       ; Off          ;
; F8       ;            ;          ; GNDA_PLL3                                ; gnd    ;              ;         ; --         ;                 ; --       ; --           ;
; F9       ; 470        ; 3        ; GND*                                     ;        ;              ;         ; Column I/O ;                 ; no       ; Off          ;
; F10      ; 462        ; 3        ; GND*                                     ;        ;              ;         ; Column I/O ;                 ; no       ; Off          ;
; F11      ; 454        ; 3        ; GND*                                     ;        ;              ;         ; Column I/O ;                 ; no       ; Off          ;
; F12      ; 440        ; 3        ; GND*                                     ;        ;              ;         ; Column I/O ;                 ; no       ; Off          ;
; F13      ; 423        ; 4        ; GND*                                     ;        ;              ;         ; Column I/O ;                 ; no       ; Off          ;
; F14      ; 425        ; 4        ; GND*                                     ;        ;              ;         ; Column I/O ;                 ; no       ; Off          ;
; F15      ; 409        ; 4        ; GND*                                     ;        ;              ;         ; Column I/O ;                 ; no       ; Off          ;
; F16      ; 408        ; 4        ; GND*                                     ;        ;              ;         ; Column I/O ;                 ; no       ; Off          ;
; F17      ; 401        ; 4        ; GND*                                     ;        ;              ;         ; Column I/O ;                 ; no       ; Off          ;
; F18      ; 398        ; 4        ; GND*                                     ;        ;              ;         ; Column I/O ;                 ; no       ; Off          ;
; F19      ;            ;          ; GNDA_PLL2                                ; gnd    ;              ;         ; --         ;                 ; --       ; --           ;
; F20      ; 372        ; 5        ; GND*                                     ;        ;              ;         ; Row I/O    ;                 ; no       ; Off          ;
; F21      ; 371        ; 5        ; GND*                                     ;        ;              ;         ; Row I/O    ;                 ; no       ; Off          ;
; F22      ;            ; 5        ; VCCIO5                                   ; power  ;              ; 3.3V    ; --         ;                 ; --       ; --           ;
; F23      ; 353        ; 5        ; GND*                                     ;        ;              ;         ; Row I/O    ;                 ; no       ; Off          ;
; F24      ; 354        ; 5        ; GND*                                     ;        ;              ;         ; Row I/O    ;                 ; no       ; Off          ;
; F25      ; 350        ; 5        ; GND*                                     ;        ;              ;         ; Row I/O    ;                 ; no       ; Off          ;
; F26      ; 349        ; 5        ; GND*                                     ;        ;              ;         ; Row I/O    ;                 ; no       ; Off          ;
; G1       ; 30         ; 2        ; GND*                                     ;        ;              ;         ; Row I/O    ;                 ; no       ; Off          ;
; G2       ; 31         ; 2        ; GND*                                     ;        ;              ;         ; Row I/O    ;                 ; no       ; Off          ;
; G3       ; 24         ; 2        ; GND*                                     ;        ;              ;         ; Row I/O    ;                 ; no       ; Off          ;
; G4       ; 23         ; 2        ; GND*                                     ;        ;              ;         ; Row I/O    ;                 ; no       ; Off          ;
; G5       ; 8          ; 2        ; GND*                                     ;        ;              ;         ; Row I/O    ;                 ; no       ; Off          ;
; G6       ; 9          ; 2        ; GND*                                     ;        ;              ;         ; Row I/O    ;                 ; no       ; Off          ;
; G7       ;            ;          ; GND_PLL3                                 ; gnd    ;              ;         ; --         ;                 ; --       ; --           ;
; G8       ;            ;          ; VCCA_PLL3                                ; power  ;              ; 1.2V    ; --         ;                 ; --       ; --           ;
; G9       ; 471        ; 3        ; GND*                                     ;        ;              ;         ; Column I/O ;                 ; no       ; Off          ;
; G10      ; 461        ; 3        ; GND*                                     ;        ;              ;         ; Column I/O ;                 ; no       ; Off          ;
; G11      ; 446        ; 3        ; GND*                                     ;        ;              ;         ; Column I/O ;                 ; no       ; Off          ;
; G12      ; 439        ; 3        ; GND*                                     ;        ;              ;         ; Column I/O ;                 ; no       ; Off          ;
; G13      ; 422        ; 4        ; GND*                                     ;        ;              ;         ; Column I/O ;                 ; no       ; Off          ;
; G14      ; 424        ; 4        ; GND*                                     ;        ;              ;         ; Column I/O ;                 ; no       ; Off          ;
; G15      ; 410        ; 4        ; GND*                                     ;        ;              ;         ; Column I/O ;                 ; no       ; Off          ;
; G16      ; 407        ; 4        ; GND*                                     ;        ;              ;         ; Column I/O ;                 ; no       ; Off          ;
; G17      ; 402        ; 4        ; GND*                                     ;        ;              ;         ; Column I/O ;                 ; no       ; Off          ;
; G18      ; 397        ; 4        ; GND*                                     ;        ;              ;         ; Column I/O ;                 ; no       ; Off          ;
; G19      ;            ;          ; VCCA_PLL2                                ; power  ;              ; 1.2V    ; --         ;                 ; --       ; --           ;
; G20      ;            ;          ; GND_PLL2                                 ; gnd    ;              ;         ; --         ;                 ; --       ; --           ;
; G21      ; 368        ; 5        ; GND*                                     ;        ;              ;         ; Row I/O    ;                 ; no       ; Off          ;
; G22      ; 367        ; 5        ; GND*                                     ;        ;              ;         ; Row I/O    ;                 ; no       ; Off          ;
; G23      ; 346        ; 5        ; GND*                                     ;        ;              ;         ; Row I/O    ;                 ; no       ; Off          ;
; G24      ; 345        ; 5        ; GND*                                     ;        ;              ;         ; Row I/O    ;                 ; no       ; Off          ;
; G25      ; 343        ; 5        ; GND*                                     ;        ;              ;         ; Row I/O    ;                 ; no       ; Off          ;
; G26      ; 342        ; 5        ; GND*                                     ;        ;              ;         ; Row I/O    ;                 ; no       ; Off          ;
; H1       ; 37         ; 2        ; GND*                                     ;        ;              ;         ; Row I/O    ;                 ; no       ; Off          ;
; H2       ; 36         ; 2        ; GND*                                     ;        ;              ;         ; Row I/O    ;                 ; no       ; Off          ;
; H3       ; 32         ; 2        ; GND*                                     ;        ;              ;         ; Row I/O    ;                 ; no       ; Off          ;
; H4       ; 33         ; 2        ; GND*                                     ;        ;              ;         ; Row I/O    ;                 ; no       ; Off          ;
; H5       ;            ;          ; GND                                      ; gnd    ;              ;         ; --         ;                 ; --       ; --           ;
; H6       ; 18         ; 2        ; GND*                                     ;        ;              ;         ; Row I/O    ;                 ; no       ; Off          ;
; H7       ;            ;          ; VCCD_PLL3                                ; power  ;              ; 1.2V    ; --         ;                 ; --       ; --           ;
; H8       ; 473        ; 3        ; GND*                                     ;        ;              ;         ; Column I/O ;                 ; no       ; Off          ;
; H9       ;            ; 3        ; VCCIO3                                   ; power  ;              ; 3.3V    ; --         ;                 ; --       ; --           ;
; H10      ; 472        ; 3        ; GND*                                     ;        ;              ;         ; Column I/O ;                 ; no       ; Off          ;
; H11      ; 456        ; 3        ; GND*                                     ;        ;              ;         ; Column I/O ;                 ; no       ; Off          ;
; H12      ; 455        ; 3        ; GND*                                     ;        ;              ;         ; Column I/O ;                 ; no       ; Off          ;
; H13      ;            ;          ; GND                                      ; gnd    ;              ;         ; --         ;                 ; --       ; --           ;
; H14      ;            ;          ; GND                                      ; gnd    ;              ;         ; --         ;                 ; --       ; --           ;
; H15      ; 414        ; 4        ; GND*                                     ;        ;              ;         ; Column I/O ;                 ; no       ; Off          ;
; H16      ; 413        ; 4        ; GND*                                     ;        ;              ;         ; Column I/O ;                 ; no       ; Off          ;
; H17      ; 400        ; 4        ; GND*                                     ;        ;              ;         ; Column I/O ;                 ; no       ; Off          ;
; H18      ;            ; 4        ; VCCIO4                                   ; power  ;              ; 3.3V    ; --         ;                 ; --       ; --           ;
; H19      ; 335        ; 5        ; GND*                                     ;        ;              ;         ; Row I/O    ;                 ; no       ; Off          ;
; H20      ;            ;          ; VCCD_PLL2                                ; power  ;              ; 1.2V    ; --         ;                 ; --       ; --           ;
; H21      ; 366        ; 5        ; GND*                                     ;        ;              ;         ; Row I/O    ;                 ; no       ; Off          ;
; H22      ;            ;          ; GND                                      ; gnd    ;              ;         ; --         ;                 ; --       ; --           ;
; H23      ; 341        ; 5        ; GND*                                     ;        ;              ;         ; Row I/O    ;                 ; no       ; Off          ;
; H24      ; 340        ; 5        ; GND*                                     ;        ;              ;         ; Row I/O    ;                 ; no       ; Off          ;
; H25      ; 337        ; 5        ; GND*                                     ;        ;              ;         ; Row I/O    ;                 ; no       ; Off          ;
; H26      ; 336        ; 5        ; GND*                                     ;        ;              ;         ; Row I/O    ;                 ; no       ; Off          ;
; J1       ; 39         ; 2        ; GND*                                     ;        ;              ;         ; Row I/O    ;                 ; no       ; Off          ;
; J2       ; 38         ; 2        ; GND*                                     ;        ;              ;         ; Row I/O    ;                 ; no       ; Off          ;
; J3       ; 34         ; 2        ; GND*                                     ;        ;              ;         ; Row I/O    ;                 ; no       ; Off          ;
; J4       ; 35         ; 2        ; GND*                                     ;        ;              ;         ; Row I/O    ;                 ; no       ; Off          ;
; J5       ; 15         ; 2        ; GND*                                     ;        ;              ;         ; Row I/O    ;                 ; --       ; --           ;
; J6       ; 25         ; 2        ; GND*                                     ;        ;              ;         ; Row I/O    ;                 ; no       ; Off          ;
; J7       ; 17         ; 2        ; GND*                                     ;        ;              ;         ; Row I/O    ;                 ; no       ; Off          ;
; J8       ; 16         ; 2        ; GND*                                     ;        ;              ;         ; Row I/O    ;                 ; no       ; Off          ;
; J9       ; 475        ; 3        ; GND*                                     ;        ;              ;         ; Column I/O ;                 ; no       ; Off          ;
; J10      ; 438        ; 3        ; GND*                                     ;        ;              ;         ; Column I/O ;                 ; no       ; Off          ;
; J11      ; 437        ; 3        ; GND*                                     ;        ;              ;         ; Column I/O ;                 ; no       ; Off          ;
; J12      ;            ; 3        ; VCCIO3                                   ; power  ;              ; 3.3V    ; --         ;                 ; --       ; --           ;
; J13      ; 442        ; 3        ; GND*                                     ;        ;              ;         ; Column I/O ;                 ; no       ; Off          ;
; J14      ; 441        ; 3        ; GND*                                     ;        ;              ;         ; Column I/O ;                 ; no       ; Off          ;
; J15      ;            ; 4        ; VCCIO4                                   ; power  ;              ; 3.3V    ; --         ;                 ; --       ; --           ;
; J16      ; 385        ; 4        ; GND*                                     ;        ;              ;         ; Column I/O ;                 ; no       ; Off          ;
; J17      ; 399        ; 4        ; GND*                                     ;        ;              ;         ; Column I/O ;                 ; no       ; Off          ;
; J18      ; 383        ; 4        ; GND*                                     ;        ;              ;         ; Column I/O ;                 ; no       ; Off          ;
; J19      ;            ; 5        ; VCCIO5                                   ; power  ;              ; 3.3V    ; --         ;                 ; --       ; --           ;
; J20      ; 351        ; 5        ; GND*                                     ;        ;              ;         ; Row I/O    ;                 ; no       ; Off          ;
; J21      ; 352        ; 5        ; GND*                                     ;        ;              ;         ; Row I/O    ;                 ; no       ; Off          ;
; J22      ; 357        ; 5        ; GND*                                     ;        ;              ;         ; Row I/O    ;                 ; --       ; --           ;
; J23      ; 339        ; 5        ; GND*                                     ;        ;              ;         ; Row I/O    ;                 ; no       ; Off          ;
; J24      ; 338        ; 5        ; GND*                                     ;        ;              ;         ; Row I/O    ;                 ; no       ; Off          ;
; J25      ; 327        ; 5        ; GND*                                     ;        ;              ;         ; Row I/O    ;                 ; no       ; Off          ;
; J26      ; 326        ; 5        ; GND*                                     ;        ;              ;         ; Row I/O    ;                 ; no       ; Off          ;
; K1       ; 42         ; 2        ; GND*                                     ;        ;              ;         ; Row I/O    ;                 ; no       ; Off          ;
; K2       ; 43         ; 2        ; GND*                                     ;        ;              ;         ; Row I/O    ;                 ; no       ; Off          ;
; K3       ; 41         ; 2        ; GND*                                     ;        ;              ;         ; Row I/O    ;                 ; no       ; Off          ;
; K4       ; 40         ; 2        ; GND*                                     ;        ;              ;         ; Row I/O    ;                 ; no       ; Off          ;
; K5       ; 22         ; 2        ; GND*                                     ;        ;              ;         ; Row I/O    ;                 ; no       ; Off          ;
; K6       ; 21         ; 2        ; GND*                                     ;        ;              ;         ; Row I/O    ;                 ; no       ; Off          ;
; K7       ; 27         ; 2        ; GND*                                     ;        ;              ;         ; Row I/O    ;                 ; no       ; Off          ;
; K8       ; 26         ; 2        ; GND*                                     ;        ;              ;         ; Row I/O    ;                 ; no       ; Off          ;
; K9       ; 476        ; 3        ; GND*                                     ;        ;              ;         ; Column I/O ;                 ; no       ; Off          ;
; K10      ;            ;          ; VCCINT                                   ; power  ;              ; 1.2V    ; --         ;                 ; --       ; --           ;
; K11      ;            ;          ; VCCINT                                   ; power  ;              ; 1.2V    ; --         ;                 ; --       ; --           ;
; K12      ;            ;          ; VCCINT                                   ; power  ;              ; 1.2V    ; --         ;                 ; --       ; --           ;
; K13      ;            ;          ; VCCINT                                   ; power  ;              ; 1.2V    ; --         ;                 ; --       ; --           ;
; K14      ;            ;          ; VCCINT                                   ; power  ;              ; 1.2V    ; --         ;                 ; --       ; --           ;
; K15      ;            ;          ; VCCINT                                   ; power  ;              ; 1.2V    ; --         ;                 ; --       ; --           ;
; K16      ; 386        ; 4        ; GND*                                     ;        ;              ;         ; Column I/O ;                 ; no       ; Off          ;
; K17      ; 384        ; 4        ; GND*                                     ;        ;              ;         ; Column I/O ;                 ; no       ; Off          ;
; K18      ; 334        ; 5        ; GND*                                     ;        ;              ;         ; Row I/O    ;                 ; no       ; Off          ;
; K19      ; 333        ; 5        ; GND*                                     ;        ;              ;         ; Row I/O    ;                 ; no       ; Off          ;
; K20      ;            ;          ; GND                                      ; gnd    ;              ;         ; --         ;                 ; --       ; --           ;
; K21      ; 332        ; 5        ; GND*                                     ;        ;              ;         ; Row I/O    ;                 ; no       ; Off          ;
; K22      ; 344        ; 5        ; GND*                                     ;        ;              ;         ; Row I/O    ;                 ; no       ; Off          ;
; K23      ; 331        ; 5        ; GND*                                     ;        ;              ;         ; Row I/O    ;                 ; no       ; Off          ;
; K24      ; 330        ; 5        ; GND*                                     ;        ;              ;         ; Row I/O    ;                 ; no       ; Off          ;
; K25      ; 321        ; 5        ; GND*                                     ;        ;              ;         ; Row I/O    ;                 ; no       ; Off          ;
; K26      ; 320        ; 5        ; GND*                                     ;        ;              ;         ; Row I/O    ;                 ; no       ; Off          ;
; L1       ;            ; 2        ; VCCIO2                                   ; power  ;              ; 3.3V    ; --         ;                 ; --       ; --           ;
; L2       ; 50         ; 2        ; GND*                                     ;        ;              ;         ; Row I/O    ;                 ; no       ; Off          ;
; L3       ; 51         ; 2        ; GND*                                     ;        ;              ;         ; Row I/O    ;                 ; no       ; Off          ;
; L4       ; 44         ; 2        ; GND*                                     ;        ;              ;         ; Row I/O    ;                 ; --       ; --           ;
; L5       ;            ;          ; GND                                      ; gnd    ;              ;         ; --         ;                 ; --       ; --           ;
; L6       ; 48         ; 2        ; GND*                                     ;        ;              ;         ; Row I/O    ;                 ; no       ; Off          ;
; L7       ; 47         ; 2        ; GND*                                     ;        ;              ;         ; Row I/O    ;                 ; no       ; Off          ;
; L8       ; 59         ; 2        ; #TMS                                     ; input  ;              ;         ; --         ;                 ; --       ; --           ;
; L9       ; 49         ; 2        ; GND*                                     ;        ;              ;         ; Row I/O    ;                 ; no       ; Off          ;
; L10      ; 52         ; 2        ; GND*                                     ;        ;              ;         ; Row I/O    ;                 ; no       ; Off          ;
; L11      ;            ;          ; VCCINT                                   ; power  ;              ; 1.2V    ; --         ;                 ; --       ; --           ;
; L12      ;            ;          ; GND                                      ; gnd    ;              ;         ; --         ;                 ; --       ; --           ;
; L13      ;            ;          ; GND                                      ; gnd    ;              ;         ; --         ;                 ; --       ; --           ;
; L14      ;            ;          ; GND                                      ; gnd    ;              ;         ; --         ;                 ; --       ; --           ;
; L15      ;            ;          ; GND                                      ; gnd    ;              ;         ; --         ;                 ; --       ; --           ;
; L16      ;            ;          ; VCCINT                                   ; power  ;              ; 1.2V    ; --         ;                 ; --       ; --           ;
; L17      ;            ;          ; VCCINT                                   ; power  ;              ; 1.2V    ; --         ;                 ; --       ; --           ;
; L18      ;            ;          ; VCCINT                                   ; power  ;              ; 1.2V    ; --         ;                 ; --       ; --           ;
; L19      ; 322        ; 5        ; GND*                                     ;        ;              ;         ; Row I/O    ;                 ; no       ; Off          ;
; L20      ; 328        ; 5        ; GND*                                     ;        ;              ;         ; Row I/O    ;                 ; no       ; Off          ;
; L21      ; 329        ; 5        ; GND*                                     ;        ;              ;         ; Row I/O    ;                 ; no       ; Off          ;
; L22      ;            ;          ; GND                                      ; gnd    ;              ;         ; --         ;                 ; --       ; --           ;
; L23      ; 325        ; 5        ; GND*                                     ;        ;              ;         ; Row I/O    ;                 ; --       ; --           ;
; L24      ; 324        ; 5        ; GND*                                     ;        ;              ;         ; Row I/O    ;                 ; no       ; Off          ;
; L25      ; 323        ; 5        ; GND*                                     ;        ;              ;         ; Row I/O    ;                 ; no       ; Off          ;
; L26      ;            ; 5        ; VCCIO5                                   ; power  ;              ; 3.3V    ; --         ;                 ; --       ; --           ;
; M1       ;            ;          ; GND                                      ; gnd    ;              ;         ; --         ;                 ; --       ; --           ;
; M2       ; 56         ; 2        ; GND*                                     ;        ;              ;         ; Row I/O    ;                 ; no       ; Off          ;
; M3       ; 55         ; 2        ; GND*                                     ;        ;              ;         ; Row I/O    ;                 ; no       ; Off          ;
; M4       ; 53         ; 2        ; GND*                                     ;        ;              ;         ; Row I/O    ;                 ; no       ; Off          ;
; M5       ; 54         ; 2        ; GND*                                     ;        ;              ;         ; Row I/O    ;                 ; no       ; Off          ;
; M6       ; 58         ; 2        ; #TCK                                     ; input  ;              ;         ; --         ;                 ; --       ; --           ;
; M7       ; 60         ; 2        ; #TDO                                     ; output ;              ;         ; --         ;                 ; --       ; --           ;
; M8       ; 57         ; 2        ; #TDI                                     ; input  ;              ;         ; --         ;                 ; --       ; --           ;
; M9       ;            ; 2        ; VCCIO2                                   ; power  ;              ; 3.3V    ; --         ;                 ; --       ; --           ;
; M10      ;            ;          ; VCCINT                                   ; power  ;              ; 1.2V    ; --         ;                 ; --       ; --           ;
; M11      ;            ;          ; VCCINT                                   ; power  ;              ; 1.2V    ; --         ;                 ; --       ; --           ;
; M12      ;            ;          ; GND                                      ; gnd    ;              ;         ; --         ;                 ; --       ; --           ;
; M13      ;            ;          ; GND                                      ; gnd    ;              ;         ; --         ;                 ; --       ; --           ;
; M14      ;            ;          ; GND                                      ; gnd    ;              ;         ; --         ;                 ; --       ; --           ;
; M15      ;            ;          ; GND                                      ; gnd    ;              ;         ; --         ;                 ; --       ; --           ;
; M16      ;            ;          ; VCCINT                                   ; power  ;              ; 1.2V    ; --         ;                 ; --       ; --           ;
; M17      ;            ;          ; VCCINT                                   ; power  ;              ; 1.2V    ; --         ;                 ; --       ; --           ;
; M18      ;            ; 5        ; VCCIO5                                   ; power  ;              ; 3.3V    ; --         ;                 ; --       ; --           ;
; M19      ; 317        ; 5        ; GND*                                     ;        ;              ;         ; Row I/O    ;                 ; no       ; Off          ;
; M20      ; 316        ; 5        ; GND*                                     ;        ;              ;         ; Row I/O    ;                 ; no       ; Off          ;
; M21      ; 314        ; 5        ; GND*                                     ;        ;              ;         ; Row I/O    ;                 ; no       ; Off          ;
; M22      ; 319        ; 5        ; GND*                                     ;        ;              ;         ; Row I/O    ;                 ; no       ; Off          ;
; M23      ; 318        ; 5        ; GND*                                     ;        ;              ;         ; Row I/O    ;                 ; no       ; Off          ;
; M24      ; 313        ; 5        ; GND*                                     ;        ;              ;         ; Row I/O    ;                 ; no       ; Off          ;
; M25      ; 312        ; 5        ; GND*                                     ;        ;              ;         ; Row I/O    ;                 ; no       ; Off          ;
; M26      ;            ;          ; GND                                      ; gnd    ;              ;         ; --         ;                 ; --       ; --           ;
; N1       ; 65         ; 2        ; GND+                                     ;        ;              ;         ; Row I/O    ;                 ; --       ; --           ;
; N2       ; 64         ; 2        ; GND+                                     ;        ;              ;         ; Row I/O    ;                 ; --       ; --           ;
; N3       ; 62         ; 2        ; ^DATA0                                   ; input  ;              ;         ; --         ;                 ; --       ; --           ;
; N4       ; 63         ; 2        ; ^nCE                                     ;        ;              ;         ; --         ;                 ; --       ; --           ;
; N5       ;            ; 2        ; VCCIO2                                   ; power  ;              ; 3.3V    ; --         ;                 ; --       ; --           ;
; N6       ; 61         ; 2        ; ^DCLK                                    ;        ;              ;         ; --         ;                 ; --       ; --           ;
; N7       ; 66         ; 2        ; ^nCONFIG                                 ;        ;              ;         ; --         ;                 ; --       ; --           ;
; N8       ;            ;          ; GND                                      ; gnd    ;              ;         ; --         ;                 ; --       ; --           ;
; N9       ; 45         ; 2        ; GND*                                     ;        ;              ;         ; Row I/O    ;                 ; no       ; Off          ;
; N10      ;            ;          ; VCCINT                                   ; power  ;              ; 1.2V    ; --         ;                 ; --       ; --           ;
; N11      ;            ;          ; GND                                      ; gnd    ;              ;         ; --         ;                 ; --       ; --           ;
; N12      ;            ;          ; GND                                      ; gnd    ;              ;         ; --         ;                 ; --       ; --           ;
; N13      ;            ;          ; GND                                      ; gnd    ;              ;         ; --         ;                 ; --       ; --           ;
; N14      ;            ;          ; GND                                      ; gnd    ;              ;         ; --         ;                 ; --       ; --           ;
; N15      ;            ;          ; GND                                      ; gnd    ;              ;         ; --         ;                 ; --       ; --           ;
; N16      ;            ;          ; GND                                      ; gnd    ;              ;         ; --         ;                 ; --       ; --           ;
; N17      ;            ;          ; VCCINT                                   ; power  ;              ; 1.2V    ; --         ;                 ; --       ; --           ;
; N18      ; 348        ; 5        ; GND*                                     ;        ;              ;         ; Row I/O    ;                 ; no       ; Off          ;
; N19      ;            ;          ; GND                                      ; gnd    ;              ;         ; --         ;                 ; --       ; --           ;
; N20      ; 315        ; 5        ; GND*                                     ;        ;              ;         ; Row I/O    ;                 ; no       ; Off          ;
; N21      ;            ;          ; NC                                       ;        ;              ;         ; --         ;                 ; --       ; --           ;
; N22      ;            ; 5        ; VCCIO5                                   ; power  ;              ; 3.3V    ; --         ;                 ; --       ; --           ;
; N23      ; 311        ; 5        ; GND*                                     ;        ;              ;         ; Row I/O    ;                 ; no       ; Off          ;
; N24      ; 310        ; 5        ; GND*                                     ;        ;              ;         ; Row I/O    ;                 ; no       ; Off          ;
; N25      ; 309        ; 5        ; GND+                                     ;        ;              ;         ; Row I/O    ;                 ; --       ; --           ;
; N26      ; 308        ; 5        ; GND+                                     ;        ;              ;         ; Row I/O    ;                 ; --       ; --           ;
; P1       ; 68         ; 1        ; reset                                    ; input  ; 3.3-V LVTTL  ;         ; Row I/O    ; N               ; no       ; Off          ;
; P2       ; 67         ; 1        ; clock                                    ; input  ; 3.3-V LVTTL  ;         ; Row I/O    ; N               ; no       ; Off          ;
; P3       ; 69         ; 1        ; GND*                                     ;        ;              ;         ; Row I/O    ;                 ; no       ; Off          ;
; P4       ; 70         ; 1        ; GND*                                     ;        ;              ;         ; Row I/O    ;                 ; no       ; Off          ;
; P5       ;            ; 1        ; VCCIO1                                   ; power  ;              ; 3.3V    ; --         ;                 ; --       ; --           ;
; P6       ; 78         ; 1        ; GND*                                     ;        ;              ;         ; Row I/O    ;                 ; no       ; Off          ;
; P7       ; 77         ; 1        ; GND*                                     ;        ;              ;         ; Row I/O    ;                 ; no       ; Off          ;
; P8       ;            ;          ; GND                                      ; gnd    ;              ;         ; --         ;                 ; --       ; --           ;
; P9       ; 46         ; 2        ; GND*                                     ;        ;              ;         ; Row I/O    ;                 ; no       ; Off          ;
; P10      ;            ;          ; VCCINT                                   ; power  ;              ; 1.2V    ; --         ;                 ; --       ; --           ;
; P11      ;            ;          ; GND                                      ; gnd    ;              ;         ; --         ;                 ; --       ; --           ;
; P12      ;            ;          ; GND                                      ; gnd    ;              ;         ; --         ;                 ; --       ; --           ;
; P13      ;            ;          ; GND                                      ; gnd    ;              ;         ; --         ;                 ; --       ; --           ;
; P14      ;            ;          ; GND                                      ; gnd    ;              ;         ; --         ;                 ; --       ; --           ;
; P15      ;            ;          ; GND                                      ; gnd    ;              ;         ; --         ;                 ; --       ; --           ;
; P16      ;            ;          ; GND                                      ; gnd    ;              ;         ; --         ;                 ; --       ; --           ;
; P17      ; 293        ; 6        ; GND*                                     ;        ;              ;         ; Row I/O    ;                 ; no       ; Off          ;
; P18      ; 347        ; 5        ; GND*                                     ;        ;              ;         ; Row I/O    ;                 ; no       ; Off          ;
; P19      ;            ;          ; GND                                      ; gnd    ;              ;         ; --         ;                 ; --       ; --           ;
; P20      ; 301        ; 6        ; ^MSEL0                                   ;        ;              ;         ; --         ;                 ; --       ; --           ;
; P21      ; 300        ; 6        ; ^MSEL1                                   ;        ;              ;         ; --         ;                 ; --       ; --           ;
; P22      ;            ; 6        ; VCCIO6                                   ; power  ;              ; 3.3V    ; --         ;                 ; --       ; --           ;
; P23      ; 305        ; 6        ; GND*                                     ;        ;              ;         ; Row I/O    ;                 ; no       ; Off          ;
; P24      ; 304        ; 6        ; GND*                                     ;        ;              ;         ; Row I/O    ;                 ; no       ; Off          ;
; P25      ; 307        ; 6        ; GND+                                     ;        ;              ;         ; Row I/O    ;                 ; --       ; --           ;
; P26      ; 306        ; 6        ; GND+                                     ;        ;              ;         ; Row I/O    ;                 ; --       ; --           ;
; R1       ;            ;          ; GND                                      ; gnd    ;              ;         ; --         ;                 ; --       ; --           ;
; R2       ; 71         ; 1        ; GND*                                     ;        ;              ;         ; Row I/O    ;                 ; no       ; Off          ;
; R3       ; 72         ; 1        ; GND*                                     ;        ;              ;         ; Row I/O    ;                 ; no       ; Off          ;
; R4       ; 73         ; 1        ; GND*                                     ;        ;              ;         ; Row I/O    ;                 ; no       ; Off          ;
; R5       ; 74         ; 1        ; GND*                                     ;        ;              ;         ; Row I/O    ;                 ; no       ; Off          ;
; R6       ; 81         ; 1        ; GND*                                     ;        ;              ;         ; Row I/O    ;                 ; no       ; Off          ;
; R7       ; 82         ; 1        ; GND*                                     ;        ;              ;         ; Row I/O    ;                 ; no       ; Off          ;
; R8       ; 110        ; 1        ; GND*                                     ;        ;              ;         ; Row I/O    ;                 ; no       ; Off          ;
; R9       ;            ; 1        ; VCCIO1                                   ; power  ;              ; 3.3V    ; --         ;                 ; --       ; --           ;
; R10      ;            ;          ; VCCINT                                   ; power  ;              ; 1.2V    ; --         ;                 ; --       ; --           ;
; R11      ;            ;          ; VCCINT                                   ; power  ;              ; 1.2V    ; --         ;                 ; --       ; --           ;
; R12      ;            ;          ; GND                                      ; gnd    ;              ;         ; --         ;                 ; --       ; --           ;
; R13      ;            ;          ; GND                                      ; gnd    ;              ;         ; --         ;                 ; --       ; --           ;
; R14      ;            ;          ; GND                                      ; gnd    ;              ;         ; --         ;                 ; --       ; --           ;
; R15      ;            ;          ; GND                                      ; gnd    ;              ;         ; --         ;                 ; --       ; --           ;
; R16      ;            ;          ; VCCINT                                   ; power  ;              ; 1.2V    ; --         ;                 ; --       ; --           ;
; R17      ; 294        ; 6        ; GND*                                     ;        ;              ;         ; Row I/O    ;                 ; no       ; Off          ;
; R18      ;            ; 6        ; VCCIO6                                   ; power  ;              ; 3.3V    ; --         ;                 ; --       ; --           ;
; R19      ; 282        ; 6        ; GND*                                     ;        ;              ;         ; Row I/O    ;                 ; no       ; Off          ;
; R20      ; 297        ; 6        ; GND*                                     ;        ;              ;         ; Row I/O    ;                 ; no       ; Off          ;
; R21      ;            ;          ; GND                                      ; gnd    ;              ;         ; --         ;                 ; --       ; --           ;
; R22      ; 298        ; 6        ; ^nSTATUS                                 ;        ;              ;         ; --         ;                 ; --       ; --           ;
; R23      ; 299        ; 6        ; ^CONF_DONE                               ;        ;              ;         ; --         ;                 ; --       ; --           ;
; R24      ; 302        ; 6        ; GND*                                     ;        ;              ;         ; Row I/O    ;                 ; no       ; Off          ;
; R25      ; 303        ; 6        ; GND*                                     ;        ;              ;         ; Row I/O    ;                 ; no       ; Off          ;
; R26      ;            ;          ; GND                                      ; gnd    ;              ;         ; --         ;                 ; --       ; --           ;
; T1       ;            ; 1        ; VCCIO1                                   ; power  ;              ; 3.3V    ; --         ;                 ; --       ; --           ;
; T2       ; 79         ; 1        ; GND*                                     ;        ;              ;         ; Row I/O    ;                 ; no       ; Off          ;
; T3       ; 80         ; 1        ; GND*                                     ;        ;              ;         ; Row I/O    ;                 ; no       ; Off          ;
; T4       ; 83         ; 1        ; GND*                                     ;        ;              ;         ; Row I/O    ;                 ; --       ; --           ;
; T5       ;            ;          ; GND                                      ; gnd    ;              ;         ; --         ;                 ; --       ; --           ;
; T6       ; 93         ; 1        ; GND*                                     ;        ;              ;         ; Row I/O    ;                 ; no       ; Off          ;
; T7       ; 92         ; 1        ; GND*                                     ;        ;              ;         ; Row I/O    ;                 ; no       ; Off          ;
; T8       ; 111        ; 1        ; GND*                                     ;        ;              ;         ; Row I/O    ;                 ; no       ; Off          ;
; T9       ; 76         ; 1        ; GND*                                     ;        ;              ;         ; Row I/O    ;                 ; no       ; Off          ;
; T10      ; 75         ; 1        ; GND*                                     ;        ;              ;         ; Row I/O    ;                 ; no       ; Off          ;
; T11      ;            ;          ; VCCINT                                   ; power  ;              ; 1.2V    ; --         ;                 ; --       ; --           ;
; T12      ;            ;          ; GND                                      ; gnd    ;              ;         ; --         ;                 ; --       ; --           ;
; T13      ;            ;          ; GND                                      ; gnd    ;              ;         ; --         ;                 ; --       ; --           ;
; T14      ;            ;          ; GND                                      ; gnd    ;              ;         ; --         ;                 ; --       ; --           ;
; T15      ;            ;          ; GND                                      ; gnd    ;              ;         ; --         ;                 ; --       ; --           ;
; T16      ;            ;          ; VCCINT                                   ; power  ;              ; 1.2V    ; --         ;                 ; --       ; --           ;
; T17      ; 289        ; 6        ; GND*                                     ;        ;              ;         ; Row I/O    ;                 ; no       ; Off          ;
; T18      ; 290        ; 6        ; GND*                                     ;        ;              ;         ; Row I/O    ;                 ; no       ; Off          ;
; T19      ; 281        ; 6        ; GND*                                     ;        ;              ;         ; Row I/O    ;                 ; no       ; Off          ;
; T20      ; 287        ; 6        ; GND*                                     ;        ;              ;         ; Row I/O    ;                 ; no       ; Off          ;
; T21      ; 288        ; 6        ; GND*                                     ;        ;              ;         ; Row I/O    ;                 ; --       ; --           ;
; T22      ; 296        ; 6        ; GND*                                     ;        ;              ;         ; Row I/O    ;                 ; no       ; Off          ;
; T23      ; 295        ; 6        ; GND*                                     ;        ;              ;         ; Row I/O    ;                 ; no       ; Off          ;
; T24      ; 292        ; 6        ; GND*                                     ;        ;              ;         ; Row I/O    ;                 ; no       ; Off          ;
; T25      ; 291        ; 6        ; GND*                                     ;        ;              ;         ; Row I/O    ;                 ; no       ; Off          ;
; T26      ;            ; 6        ; VCCIO6                                   ; power  ;              ; 3.3V    ; --         ;                 ; --       ; --           ;
; U1       ; 85         ; 1        ; GND*                                     ;        ;              ;         ; Row I/O    ;                 ; no       ; Off          ;
; U2       ; 84         ; 1        ; GND*                                     ;        ;              ;         ; Row I/O    ;                 ; no       ; Off          ;
; U3       ; 88         ; 1        ; GND*                                     ;        ;              ;         ; Row I/O    ;                 ; no       ; Off          ;
; U4       ; 89         ; 1        ; GND*                                     ;        ;              ;         ; Row I/O    ;                 ; no       ; Off          ;
; U5       ; 100        ; 1        ; GND*                                     ;        ;              ;         ; Row I/O    ;                 ; no       ; Off          ;
; U6       ; 98         ; 1        ; GND*                                     ;        ;              ;         ; Row I/O    ;                 ; no       ; Off          ;
; U7       ; 99         ; 1        ; GND*                                     ;        ;              ;         ; Row I/O    ;                 ; no       ; Off          ;
; U8       ;            ;          ; GND                                      ; gnd    ;              ;         ; --         ;                 ; --       ; --           ;
; U9       ; 86         ; 1        ; GND*                                     ;        ;              ;         ; Row I/O    ;                 ; no       ; Off          ;
; U10      ; 87         ; 1        ; GND*                                     ;        ;              ;         ; Row I/O    ;                 ; no       ; Off          ;
; U11      ;            ;          ; VCCINT                                   ; power  ;              ; 1.2V    ; --         ;                 ; --       ; --           ;
; U12      ; 178        ; 8        ; GND*                                     ;        ;              ;         ; Column I/O ;                 ; no       ; Off          ;
; U13      ;            ;          ; VCCINT                                   ; power  ;              ; 1.2V    ; --         ;                 ; --       ; --           ;
; U14      ;            ;          ; VCCINT                                   ; power  ;              ; 1.2V    ; --         ;                 ; --       ; --           ;
; U15      ;            ;          ; VCCINT                                   ; power  ;              ; 1.2V    ; --         ;                 ; --       ; --           ;
; U16      ;            ;          ; VCCINT                                   ; power  ;              ; 1.2V    ; --         ;                 ; --       ; --           ;
; U17      ; 231        ; 7        ; GND*                                     ;        ;              ;         ; Column I/O ;                 ; no       ; Off          ;
; U18      ; 232        ; 7        ; GND*                                     ;        ;              ;         ; Column I/O ;                 ; no       ; Off          ;
; U19      ;            ;          ; GND                                      ; gnd    ;              ;         ; --         ;                 ; --       ; --           ;
; U20      ; 280        ; 6        ; GND*                                     ;        ;              ;         ; Row I/O    ;                 ; no       ; Off          ;
; U21      ; 279        ; 6        ; GND*                                     ;        ;              ;         ; Row I/O    ;                 ; no       ; Off          ;
; U22      ; 270        ; 6        ; GND*                                     ;        ;              ;         ; Row I/O    ;                 ; no       ; Off          ;
; U23      ; 284        ; 6        ; GND*                                     ;        ;              ;         ; Row I/O    ;                 ; no       ; Off          ;
; U24      ; 283        ; 6        ; GND*                                     ;        ;              ;         ; Row I/O    ;                 ; no       ; Off          ;
; U25      ; 285        ; 6        ; GND*                                     ;        ;              ;         ; Row I/O    ;                 ; no       ; Off          ;
; U26      ; 286        ; 6        ; GND*                                     ;        ;              ;         ; Row I/O    ;                 ; no       ; Off          ;
; V1       ; 90         ; 1        ; GND*                                     ;        ;              ;         ; Row I/O    ;                 ; no       ; Off          ;
; V2       ; 91         ; 1        ; GND*                                     ;        ;              ;         ; Row I/O    ;                 ; no       ; Off          ;
; V3       ; 95         ; 1        ; GND*                                     ;        ;              ;         ; Row I/O    ;                 ; no       ; Off          ;
; V4       ; 94         ; 1        ; GND*                                     ;        ;              ;         ; Row I/O    ;                 ; no       ; Off          ;
; V5       ; 104        ; 1        ; GND*                                     ;        ;              ;         ; Row I/O    ;                 ; no       ; Off          ;
; V6       ; 105        ; 1        ; GND*                                     ;        ;              ;         ; Row I/O    ;                 ; no       ; Off          ;
; V7       ; 112        ; 1        ; GND*                                     ;        ;              ;         ; Row I/O    ;                 ; no       ; Off          ;
; V8       ;            ; 1        ; VCCIO1                                   ; power  ;              ; 3.3V    ; --         ;                 ; --       ; --           ;
; V9       ; 142        ; 8        ; GND*                                     ;        ;              ;         ; Column I/O ;                 ; no       ; Off          ;
; V10      ; 141        ; 8        ; GND*                                     ;        ;              ;         ; Column I/O ;                 ; no       ; Off          ;
; V11      ; 177        ; 8        ; GND*                                     ;        ;              ;         ; Column I/O ;                 ; no       ; Off          ;
; V12      ;            ; 8        ; VCCIO8                                   ; power  ;              ; 3.3V    ; --         ;                 ; --       ; --           ;
; V13      ; 176        ; 8        ; GND*                                     ;        ;              ;         ; Column I/O ;                 ; no       ; Off          ;
; V14      ; 175        ; 8        ; GND*                                     ;        ;              ;         ; Column I/O ;                 ; no       ; Off          ;
; V15      ;            ; 7        ; VCCIO7                                   ; power  ;              ; 3.3V    ; --         ;                 ; --       ; --           ;
; V16      ;            ;          ; VCCINT                                   ; power  ;              ; 1.2V    ; --         ;                 ; --       ; --           ;
; V17      ; 218        ; 7        ; GND*                                     ;        ;              ;         ; Column I/O ;                 ; no       ; Off          ;
; V18      ; 233        ; 7        ; GND*                                     ;        ;              ;         ; Column I/O ;                 ; no       ; Off          ;
; V19      ;            ; 6        ; VCCIO6                                   ; power  ;              ; 3.3V    ; --         ;                 ; --       ; --           ;
; V20      ; 251        ; 6        ; GND*                                     ;        ;              ;         ; Row I/O    ;                 ; no       ; Off          ;
; V21      ; 252        ; 6        ; GND*                                     ;        ;              ;         ; Row I/O    ;                 ; no       ; Off          ;
; V22      ; 259        ; 6        ; GND*                                     ;        ;              ;         ; Row I/O    ;                 ; --       ; --           ;
; V23      ; 275        ; 6        ; GND*                                     ;        ;              ;         ; Row I/O    ;                 ; no       ; Off          ;
; V24      ; 276        ; 6        ; GND*                                     ;        ;              ;         ; Row I/O    ;                 ; no       ; Off          ;
; V25      ; 277        ; 6        ; GND*                                     ;        ;              ;         ; Row I/O    ;                 ; no       ; Off          ;
; V26      ; 278        ; 6        ; GND*                                     ;        ;              ;         ; Row I/O    ;                 ; no       ; Off          ;
; W1       ; 97         ; 1        ; GND*                                     ;        ;              ;         ; Row I/O    ;                 ; no       ; Off          ;
; W2       ; 96         ; 1        ; GND*                                     ;        ;              ;         ; Row I/O    ;                 ; no       ; Off          ;
; W3       ; 102        ; 1        ; GND*                                     ;        ;              ;         ; Row I/O    ;                 ; no       ; Off          ;
; W4       ; 101        ; 1        ; GND*                                     ;        ;              ;         ; Row I/O    ;                 ; no       ; Off          ;
; W5       ;            ;          ; GND                                      ; gnd    ;              ;         ; --         ;                 ; --       ; --           ;
; W6       ; 113        ; 1        ; GND*                                     ;        ;              ;         ; Row I/O    ;                 ; --       ; --           ;
; W7       ;            ;          ; GND_PLL1                                 ; gnd    ;              ;         ; --         ;                 ; --       ; --           ;
; W8       ; 144        ; 8        ; GND*                                     ;        ;              ;         ; Column I/O ;                 ; no       ; Off          ;
; W9       ;            ; 8        ; VCCIO8                                   ; power  ;              ; 3.3V    ; --         ;                 ; --       ; --           ;
; W10      ; 145        ; 8        ; GND*                                     ;        ;              ;         ; Column I/O ;                 ; no       ; Off          ;
; W11      ; 161        ; 8        ; GND*                                     ;        ;              ;         ; Column I/O ;                 ; no       ; Off          ;
; W12      ; 162        ; 8        ; GND*                                     ;        ;              ;         ; Column I/O ;                 ; no       ; Off          ;
; W13      ;            ;          ; GND                                      ; gnd    ;              ;         ; --         ;                 ; --       ; --           ;
; W14      ;            ;          ; GND                                      ; gnd    ;              ;         ; --         ;                 ; --       ; --           ;
; W15      ; 203        ; 7        ; GND*                                     ;        ;              ;         ; Column I/O ;                 ; no       ; Off          ;
; W16      ; 204        ; 7        ; GND*                                     ;        ;              ;         ; Column I/O ;                 ; no       ; Off          ;
; W17      ; 217        ; 7        ; GND*                                     ;        ;              ;         ; Column I/O ;                 ; no       ; Off          ;
; W18      ;            ; 7        ; VCCIO7                                   ; power  ;              ; 3.3V    ; --         ;                 ; --       ; --           ;
; W19      ; 234        ; 7        ; GND*                                     ;        ;              ;         ; Column I/O ;                 ; no       ; Off          ;
; W20      ;            ;          ; GND_PLL4                                 ; gnd    ;              ;         ; --         ;                 ; --       ; --           ;
; W21      ; 253        ; 6        ; GND*                                     ;        ;              ;         ; Row I/O    ;                 ; no       ; Off          ;
; W22      ;            ;          ; GND                                      ; gnd    ;              ;         ; --         ;                 ; --       ; --           ;
; W23      ; 272        ; 6        ; GND*                                     ;        ;              ;         ; Row I/O    ;                 ; no       ; Off          ;
; W24      ; 271        ; 6        ; GND*                                     ;        ;              ;         ; Row I/O    ;                 ; no       ; Off          ;
; W25      ; 273        ; 6        ; GND*                                     ;        ;              ;         ; Row I/O    ;                 ; no       ; Off          ;
; W26      ; 274        ; 6        ; GND*                                     ;        ;              ;         ; Row I/O    ;                 ; no       ; Off          ;
; Y1       ; 103        ; 1        ; GND*                                     ;        ;              ;         ; Row I/O    ;                 ; no       ; Off          ;
; Y2       ;            ;          ; NC                                       ;        ;              ;         ; --         ;                 ; --       ; --           ;
; Y3       ; 108        ; 1        ; GND*                                     ;        ;              ;         ; Row I/O    ;                 ; no       ; Off          ;
; Y4       ; 109        ; 1        ; GND*                                     ;        ;              ;         ; Row I/O    ;                 ; no       ; Off          ;
; Y5       ; 121        ; 1        ; GND*                                     ;        ;              ;         ; Row I/O    ;                 ; no       ; Off          ;
; Y6       ;            ;          ; GND_PLL1                                 ; gnd    ;              ;         ; --         ;                 ; --       ; --           ;
; Y7       ;            ;          ; VCCD_PLL1                                ; power  ;              ; 1.2V    ; --         ;                 ; --       ; --           ;
; Y8       ;            ;          ; GNDA_PLL1                                ; gnd    ;              ;         ; --         ;                 ; --       ; --           ;
; Y9       ;            ;          ; GND                                      ; gnd    ;              ;         ; --         ;                 ; --       ; --           ;
; Y10      ; 146        ; 8        ; GND*                                     ;        ;              ;         ; Column I/O ;                 ; no       ; Off          ;
; Y11      ; 156        ; 8        ; GND*                                     ;        ;              ;         ; Column I/O ;                 ; no       ; Off          ;
; Y12      ; 180        ; 8        ; GND*                                     ;        ;              ;         ; Column I/O ;                 ; no       ; Off          ;
; Y13      ; 193        ; 7        ; GND*                                     ;        ;              ;         ; Column I/O ;                 ; no       ; Off          ;
; Y14      ; 195        ; 7        ; GND*                                     ;        ;              ;         ; Column I/O ;                 ; no       ; Off          ;
; Y15      ; 196        ; 7        ; GND*                                     ;        ;              ;         ; Column I/O ;                 ; no       ; Off          ;
; Y16      ; 210        ; 7        ; GND*                                     ;        ;              ;         ; Column I/O ;                 ; no       ; Off          ;
; Y17      ;            ;          ; GND                                      ; gnd    ;              ;         ; --         ;                 ; --       ; --           ;
; Y18      ; 229        ; 7        ; GND*                                     ;        ;              ;         ; Column I/O ;                 ; --       ; --           ;
; Y19      ;            ;          ; GNDA_PLL4                                ; gnd    ;              ;         ; --         ;                 ; --       ; --           ;
; Y20      ;            ;          ; VCCD_PLL4                                ; power  ;              ; 1.2V    ; --         ;                 ; --       ; --           ;
; Y21      ; 250        ; 6        ; GND*                                     ;        ;              ;         ; Row I/O    ;                 ; no       ; Off          ;
; Y22      ; 254        ; 6        ; GND*                                     ;        ;              ;         ; Row I/O    ;                 ; no       ; Off          ;
; Y23      ; 265        ; 6        ; GND*                                     ;        ;              ;         ; Row I/O    ;                 ; no       ; Off          ;
; Y24      ; 264        ; 6        ; GND*                                     ;        ;              ;         ; Row I/O    ;                 ; no       ; Off          ;
; Y25      ; 269        ; 6        ; GND*                                     ;        ;              ;         ; Row I/O    ;                 ; no       ; Off          ;
; Y26      ; 268        ; 6        ; GND*                                     ;        ;              ;         ; Row I/O    ;                 ; no       ; Off          ;
+----------+------------+----------+------------------------------------------+--------+--------------+---------+------------+-----------------+----------+--------------+
Note: Pin directions (input, output or bidir) are based on device operating in user mode.


+-------------------------------------------------------------------------------+
; Output Pin Default Load For Reported TCO                                      ;
+----------------------------------+-------+------------------------------------+
; I/O Standard                     ; Load  ; Termination Resistance             ;
+----------------------------------+-------+------------------------------------+
; 3.3-V LVTTL                      ; 0 pF  ; Not Available                      ;
; 3.3-V LVCMOS                     ; 0 pF  ; Not Available                      ;
; 2.5 V                            ; 0 pF  ; Not Available                      ;
; 1.8 V                            ; 0 pF  ; Not Available                      ;
; 1.5 V                            ; 0 pF  ; Not Available                      ;
; 3.3-V PCI                        ; 10 pF ; 25 Ohm (Parallel)                  ;
; 3.3-V PCI-X                      ; 10 pF ; 25 Ohm (Parallel)                  ;
; SSTL-2 Class I                   ; 0 pF  ; 50 Ohm (Parallel), 25 Ohm (Serial) ;
; SSTL-2 Class II                  ; 0 pF  ; 25 Ohm (Parallel), 25 Ohm (Serial) ;
; SSTL-18 Class I                  ; 0 pF  ; 50 Ohm (Parallel), 25 Ohm (Serial) ;
; SSTL-18 Class II                 ; 0 pF  ; 25 Ohm (Parallel), 25 Ohm (Serial) ;
; 1.5-V HSTL Class I               ; 0 pF  ; 50 Ohm (Parallel)                  ;
; 1.5-V HSTL Class II              ; 0 pF  ; 25 Ohm (Parallel)                  ;
; 1.8-V HSTL Class I               ; 0 pF  ; 50 Ohm (Parallel)                  ;
; 1.8-V HSTL Class II              ; 0 pF  ; 25 Ohm (Parallel)                  ;
; Differential SSTL-2              ; 0 pF  ; (See SSTL-2)                       ;
; Differential 2.5-V SSTL Class II ; 0 pF  ; (See SSTL-2 Class II)              ;
; Differential 1.8-V SSTL Class I  ; 0 pF  ; (See 1.8-V SSTL Class I)           ;
; Differential 1.8-V SSTL Class II ; 0 pF  ; (See 1.8-V SSTL Class II)          ;
; Differential 1.5-V HSTL Class I  ; 0 pF  ; (See 1.5-V HSTL Class I)           ;
; Differential 1.5-V HSTL Class II ; 0 pF  ; (See 1.5-V HSTL Class II)          ;
; Differential 1.8-V HSTL Class I  ; 0 pF  ; (See 1.8-V HSTL Class I)           ;
; Differential 1.8-V HSTL Class II ; 0 pF  ; (See 1.8-V HSTL Class II)          ;
; LVDS                             ; 0 pF  ; 100 Ohm (Differential)             ;
; mini-LVDS                        ; 0 pF  ; 100 Ohm (Differential)             ;
; RSDS                             ; 0 pF  ; 100 Ohm (Differential)             ;
; Simple RSDS                      ; 0 pF  ; Not Available                      ;
; Differential LVPECL              ; 0 pF  ; 100 Ohm (Differential)             ;
+----------------------------------+-------+------------------------------------+
Note: User assignments will override these defaults. The user specified values are listed in the Output Pins and Bidir Pins tables.


+---------------------------------------------------------------------------------------------------------------------------------------------------------------------------------------------------------------------------------------------------------------------------------------------------------------------------------------------------------------+
; Fitter Resource Utilization by Entity                                                                                                                                                                                                                                                                                                                         ;
+-----------------------------------------+-------------+---------------------------+---------------+-------------+------+--------------+---------+-----------+------+--------------+--------------+-------------------+------------------+------------------------------------------------------------------------------------------------------+--------------+
; Compilation Hierarchy Node              ; Logic Cells ; Dedicated Logic Registers ; I/O Registers ; Memory Bits ; M4Ks ; DSP Elements ; DSP 9x9 ; DSP 18x18 ; Pins ; Virtual Pins ; LUT-Only LCs ; Register-Only LCs ; LUT/Register LCs ; Full Hierarchy Name                                                                                  ; Library Name ;
+-----------------------------------------+-------------+---------------------------+---------------+-------------+------+--------------+---------+-----------+------+--------------+--------------+-------------------+------------------+------------------------------------------------------------------------------------------------------+--------------+
; |PROCESSOR_PIPELINE                     ; 2081 (1)    ; 1191 (0)                  ; 0 (0)         ; 0           ; 0    ; 6            ; 0       ; 3         ; 3    ; 0            ; 890 (1)      ; 437 (0)           ; 754 (0)          ; |PROCESSOR_PIPELINE                                                                                  ; work         ;
;    |DATAPATH_PIPELINE:datapath_module|  ; 2041 (105)  ; 1161 (0)                  ; 0 (0)         ; 0           ; 0    ; 6            ; 0       ; 3         ; 0    ; 0            ; 880 (101)    ; 437 (0)           ; 724 (28)         ; |PROCESSOR_PIPELINE|DATAPATH_PIPELINE:datapath_module                                                ; work         ;
;       |ALU:alu|                         ; 647 (619)   ; 0 (0)                     ; 0 (0)         ; 0           ; 0    ; 6            ; 0       ; 3         ; 0    ; 0            ; 600 (572)    ; 0 (0)             ; 47 (47)          ; |PROCESSOR_PIPELINE|DATAPATH_PIPELINE:datapath_module|ALU:alu                                        ; work         ;
;          |lpm_mult:Mult0|               ; 28 (0)      ; 0 (0)                     ; 0 (0)         ; 0           ; 0    ; 6            ; 0       ; 3         ; 0    ; 0            ; 28 (0)       ; 0 (0)             ; 0 (0)            ; |PROCESSOR_PIPELINE|DATAPATH_PIPELINE:datapath_module|ALU:alu|lpm_mult:Mult0                         ; work         ;
;             |mult_l8t:auto_generated|   ; 28 (28)     ; 0 (0)                     ; 0 (0)         ; 0           ; 0    ; 6            ; 0       ; 3         ; 0    ; 0            ; 28 (28)      ; 0 (0)             ; 0 (0)            ; |PROCESSOR_PIPELINE|DATAPATH_PIPELINE:datapath_module|ALU:alu|lpm_mult:Mult0|mult_l8t:auto_generated ; work         ;
;       |CONTROL:control_unit|            ; 7 (7)       ; 0 (0)                     ; 0 (0)         ; 0           ; 0    ; 0            ; 0       ; 0         ; 0    ; 0            ; 3 (3)        ; 0 (0)             ; 4 (4)            ; |PROCESSOR_PIPELINE|DATAPATH_PIPELINE:datapath_module|CONTROL:control_unit                           ; work         ;
;       |EX_MEM_REG:ex_mem_reg|           ; 38 (38)     ; 38 (38)                   ; 0 (0)         ; 0           ; 0    ; 0            ; 0       ; 0         ; 0    ; 0            ; 0 (0)        ; 1 (1)             ; 37 (37)          ; |PROCESSOR_PIPELINE|DATAPATH_PIPELINE:datapath_module|EX_MEM_REG:ex_mem_reg                          ; work         ;
;       |FORWARDING_UNIT:forwarding_unit| ; 14 (14)     ; 0 (0)                     ; 0 (0)         ; 0           ; 0    ; 0            ; 0       ; 0         ; 0    ; 0            ; 2 (2)        ; 0 (0)             ; 12 (12)          ; |PROCESSOR_PIPELINE|DATAPATH_PIPELINE:datapath_module|FORWARDING_UNIT:forwarding_unit                ; work         ;
;       |ID_EX_REG:id_ex_reg|             ; 78 (78)     ; 78 (78)                   ; 0 (0)         ; 0           ; 0    ; 0            ; 0       ; 0         ; 0    ; 0            ; 0 (0)        ; 4 (4)             ; 74 (74)          ; |PROCESSOR_PIPELINE|DATAPATH_PIPELINE:datapath_module|ID_EX_REG:id_ex_reg                            ; work         ;
;       |IF_ID_REG:if_id_reg|             ; 15 (15)     ; 15 (15)                   ; 0 (0)         ; 0           ; 0    ; 0            ; 0       ; 0         ; 0    ; 0            ; 0 (0)        ; 1 (1)             ; 14 (14)          ; |PROCESSOR_PIPELINE|DATAPATH_PIPELINE:datapath_module|IF_ID_REG:if_id_reg                            ; work         ;
;       |MEM_WB_REG:mem_wb_reg|           ; 38 (38)     ; 38 (38)                   ; 0 (0)         ; 0           ; 0    ; 0            ; 0       ; 0         ; 0    ; 0            ; 0 (0)        ; 3 (3)             ; 35 (35)          ; |PROCESSOR_PIPELINE|DATAPATH_PIPELINE:datapath_module|MEM_WB_REG:mem_wb_reg                          ; work         ;
;       |REG_FILE:reg_file|               ; 1222 (1222) ; 992 (992)                 ; 0 (0)         ; 0           ; 0    ; 0            ; 0       ; 0         ; 0    ; 0            ; 174 (174)    ; 428 (428)         ; 620 (620)        ; |PROCESSOR_PIPELINE|DATAPATH_PIPELINE:datapath_module|REG_FILE:reg_file                              ; work         ;
;    |IFU_PIPELINE:ifu_module|            ; 53 (30)     ; 30 (30)                   ; 0 (0)         ; 0           ; 0    ; 0            ; 0       ; 0         ; 0    ; 0            ; 9 (0)        ; 0 (0)             ; 44 (30)          ; |PROCESSOR_PIPELINE|IFU_PIPELINE:ifu_module                                                          ; work         ;
;       |INST_MEM:instr_mem|              ; 23 (23)     ; 0 (0)                     ; 0 (0)         ; 0           ; 0    ; 0            ; 0       ; 0         ; 0    ; 0            ; 9 (9)        ; 0 (0)             ; 14 (14)          ; |PROCESSOR_PIPELINE|IFU_PIPELINE:ifu_module|INST_MEM:instr_mem                                       ; work         ;
+-----------------------------------------+-------------+---------------------------+---------------+-------------+------+--------------+---------+-----------+------+--------------+--------------+-------------------+------------------+------------------------------------------------------------------------------------------------------+--------------+
Note: For table entries with two numbers listed, the numbers in parentheses indicate the number of resources of the given type used by the specific entity alone. The numbers listed outside of parentheses indicate the total resources of the given type used by the specific entity and all of its sub-entities in the hierarchy.


+--------------------------------------------------------------------------------+
; Delay Chain Summary                                                            ;
+-------+----------+---------------+---------------+-----------------------+-----+
; Name  ; Pin Type ; Pad to Core 0 ; Pad to Core 1 ; Pad to Input Register ; TCO ;
+-------+----------+---------------+---------------+-----------------------+-----+
; zero  ; Output   ; --            ; --            ; --                    ; --  ;
; clock ; Input    ; (0) 171 ps    ; (0) 171 ps    ; --                    ; --  ;
; reset ; Input    ; (0) 171 ps    ; (0) 171 ps    ; --                    ; --  ;
+-------+----------+---------------+---------------+-----------------------+-----+


+---------------------------------------------------+
; Pad To Core Delay Chain Fanout                    ;
+---------------------+-------------------+---------+
; Source Pin / Fanout ; Pad To Core Index ; Setting ;
+---------------------+-------------------+---------+
; clock               ;                   ;         ;
; reset               ;                   ;         ;
+---------------------+-------------------+---------+


+-------------------------------------------------------------------------------------------------------------------------------------------------------------------------------------------------------+
; Control Signals                                                                                                                                                                                       ;
+--------------------------------------------------------------------------+--------------------+---------+--------------+--------+----------------------+------------------+---------------------------+
; Name                                                                     ; Location           ; Fan-Out ; Usage        ; Global ; Global Resource Used ; Global Line Name ; Enable Signal Source Name ;
+--------------------------------------------------------------------------+--------------------+---------+--------------+--------+----------------------+------------------+---------------------------+
; DATAPATH_PIPELINE:datapath_module|IF_ID_REG:if_id_reg|id_instruction[20] ; LCFF_X40_Y25_N29   ; 36      ; Sync. clear  ; no     ; --                   ; --               ; --                        ;
; DATAPATH_PIPELINE:datapath_module|REG_FILE:reg_file|Decoder0~12          ; LCCOMB_X32_Y21_N0  ; 32      ; Clock enable ; no     ; --                   ; --               ; --                        ;
; DATAPATH_PIPELINE:datapath_module|REG_FILE:reg_file|Decoder0~14          ; LCCOMB_X42_Y19_N26 ; 32      ; Clock enable ; no     ; --                   ; --               ; --                        ;
; DATAPATH_PIPELINE:datapath_module|REG_FILE:reg_file|Decoder0~15          ; LCCOMB_X35_Y21_N0  ; 32      ; Clock enable ; no     ; --                   ; --               ; --                        ;
; DATAPATH_PIPELINE:datapath_module|REG_FILE:reg_file|Decoder0~17          ; LCCOMB_X32_Y21_N28 ; 32      ; Clock enable ; no     ; --                   ; --               ; --                        ;
; DATAPATH_PIPELINE:datapath_module|REG_FILE:reg_file|Decoder0~18          ; LCCOMB_X35_Y21_N6  ; 32      ; Clock enable ; no     ; --                   ; --               ; --                        ;
; DATAPATH_PIPELINE:datapath_module|REG_FILE:reg_file|Decoder0~19          ; LCCOMB_X32_Y21_N10 ; 32      ; Clock enable ; no     ; --                   ; --               ; --                        ;
; DATAPATH_PIPELINE:datapath_module|REG_FILE:reg_file|Decoder0~20          ; LCCOMB_X35_Y21_N4  ; 32      ; Clock enable ; no     ; --                   ; --               ; --                        ;
; DATAPATH_PIPELINE:datapath_module|REG_FILE:reg_file|Decoder0~21          ; LCCOMB_X32_Y21_N4  ; 32      ; Clock enable ; no     ; --                   ; --               ; --                        ;
; DATAPATH_PIPELINE:datapath_module|REG_FILE:reg_file|Decoder0~22          ; LCCOMB_X42_Y19_N0  ; 32      ; Clock enable ; no     ; --                   ; --               ; --                        ;
; DATAPATH_PIPELINE:datapath_module|REG_FILE:reg_file|Decoder0~23          ; LCCOMB_X35_Y21_N30 ; 32      ; Clock enable ; no     ; --                   ; --               ; --                        ;
; DATAPATH_PIPELINE:datapath_module|REG_FILE:reg_file|Decoder0~24          ; LCCOMB_X35_Y21_N12 ; 32      ; Clock enable ; no     ; --                   ; --               ; --                        ;
; DATAPATH_PIPELINE:datapath_module|REG_FILE:reg_file|Decoder0~25          ; LCCOMB_X32_Y21_N20 ; 32      ; Clock enable ; no     ; --                   ; --               ; --                        ;
; DATAPATH_PIPELINE:datapath_module|REG_FILE:reg_file|Decoder0~26          ; LCCOMB_X32_Y21_N26 ; 32      ; Clock enable ; no     ; --                   ; --               ; --                        ;
; DATAPATH_PIPELINE:datapath_module|REG_FILE:reg_file|Decoder0~27          ; LCCOMB_X35_Y21_N2  ; 32      ; Clock enable ; no     ; --                   ; --               ; --                        ;
; DATAPATH_PIPELINE:datapath_module|REG_FILE:reg_file|Decoder0~29          ; LCCOMB_X42_Y19_N4  ; 32      ; Clock enable ; no     ; --                   ; --               ; --                        ;
; DATAPATH_PIPELINE:datapath_module|REG_FILE:reg_file|Decoder0~30          ; LCCOMB_X42_Y19_N12 ; 32      ; Clock enable ; no     ; --                   ; --               ; --                        ;
; DATAPATH_PIPELINE:datapath_module|REG_FILE:reg_file|Decoder0~31          ; LCCOMB_X42_Y19_N22 ; 32      ; Clock enable ; no     ; --                   ; --               ; --                        ;
; DATAPATH_PIPELINE:datapath_module|REG_FILE:reg_file|Decoder0~32          ; LCCOMB_X42_Y19_N28 ; 32      ; Clock enable ; no     ; --                   ; --               ; --                        ;
; DATAPATH_PIPELINE:datapath_module|REG_FILE:reg_file|Decoder0~33          ; LCCOMB_X32_Y21_N8  ; 32      ; Clock enable ; no     ; --                   ; --               ; --                        ;
; DATAPATH_PIPELINE:datapath_module|REG_FILE:reg_file|Decoder0~34          ; LCCOMB_X32_Y21_N24 ; 32      ; Clock enable ; no     ; --                   ; --               ; --                        ;
; DATAPATH_PIPELINE:datapath_module|REG_FILE:reg_file|Decoder0~35          ; LCCOMB_X32_Y21_N16 ; 32      ; Clock enable ; no     ; --                   ; --               ; --                        ;
; DATAPATH_PIPELINE:datapath_module|REG_FILE:reg_file|Decoder0~36          ; LCCOMB_X32_Y21_N14 ; 32      ; Clock enable ; no     ; --                   ; --               ; --                        ;
; DATAPATH_PIPELINE:datapath_module|REG_FILE:reg_file|Decoder0~37          ; LCCOMB_X32_Y21_N12 ; 32      ; Clock enable ; no     ; --                   ; --               ; --                        ;
; DATAPATH_PIPELINE:datapath_module|REG_FILE:reg_file|Decoder0~38          ; LCCOMB_X42_Y19_N18 ; 32      ; Clock enable ; no     ; --                   ; --               ; --                        ;
; DATAPATH_PIPELINE:datapath_module|REG_FILE:reg_file|Decoder0~40          ; LCCOMB_X35_Y21_N28 ; 32      ; Clock enable ; no     ; --                   ; --               ; --                        ;
; DATAPATH_PIPELINE:datapath_module|REG_FILE:reg_file|Decoder0~41          ; LCCOMB_X35_Y21_N26 ; 32      ; Clock enable ; no     ; --                   ; --               ; --                        ;
; DATAPATH_PIPELINE:datapath_module|REG_FILE:reg_file|Decoder0~42          ; LCCOMB_X35_Y21_N8  ; 32      ; Clock enable ; no     ; --                   ; --               ; --                        ;
; DATAPATH_PIPELINE:datapath_module|REG_FILE:reg_file|Decoder0~43          ; LCCOMB_X35_Y21_N10 ; 32      ; Clock enable ; no     ; --                   ; --               ; --                        ;
; DATAPATH_PIPELINE:datapath_module|REG_FILE:reg_file|Decoder0~44          ; LCCOMB_X35_Y21_N24 ; 32      ; Clock enable ; no     ; --                   ; --               ; --                        ;
; DATAPATH_PIPELINE:datapath_module|REG_FILE:reg_file|Decoder0~45          ; LCCOMB_X35_Y21_N14 ; 32      ; Clock enable ; no     ; --                   ; --               ; --                        ;
; DATAPATH_PIPELINE:datapath_module|REG_FILE:reg_file|Decoder0~46          ; LCCOMB_X32_Y21_N18 ; 32      ; Clock enable ; no     ; --                   ; --               ; --                        ;
; clock                                                                    ; PIN_P2             ; 1191    ; Clock        ; yes    ; Global Clock         ; GCLK3            ; --                        ;
; reset                                                                    ; PIN_P1             ; 13      ; Sync. clear  ; no     ; --                   ; --               ; --                        ;
; reset                                                                    ; PIN_P1             ; 1191    ; Async. clear ; yes    ; Global Clock         ; GCLK1            ; --                        ;
+--------------------------------------------------------------------------+--------------------+---------+--------------+--------+----------------------+------------------+---------------------------+


+--------------------------------------------------------------------------------------------------+
; Global & Other Fast Signals                                                                      ;
+-------+----------+---------+----------------------+------------------+---------------------------+
; Name  ; Location ; Fan-Out ; Global Resource Used ; Global Line Name ; Enable Signal Source Name ;
+-------+----------+---------+----------------------+------------------+---------------------------+
; clock ; PIN_P2   ; 1191    ; Global Clock         ; GCLK3            ; --                        ;
; reset ; PIN_P1   ; 1191    ; Global Clock         ; GCLK1            ; --                        ;
+-------+----------+---------+----------------------+------------------+---------------------------+


+--------------------------------------------------------------------------------------------+
; Non-Global High Fan-Out Signals                                                            ;
+----------------------------------------------------------------------------------+---------+
; Name                                                                             ; Fan-Out ;
+----------------------------------------------------------------------------------+---------+
; DATAPATH_PIPELINE:datapath_module|IF_ID_REG:if_id_reg|id_instruction[17]         ; 258     ;
; DATAPATH_PIPELINE:datapath_module|IF_ID_REG:if_id_reg|id_instruction[16]         ; 258     ;
; DATAPATH_PIPELINE:datapath_module|IF_ID_REG:if_id_reg|id_instruction[19]         ; 242     ;
; DATAPATH_PIPELINE:datapath_module|IF_ID_REG:if_id_reg|id_instruction[18]         ; 242     ;
; DATAPATH_PIPELINE:datapath_module|FORWARDING_UNIT:forwarding_unit|forward_b[0]   ; 100     ;
; DATAPATH_PIPELINE:datapath_module|ex_alu_input_b[1]~64                           ; 86      ;
; DATAPATH_PIPELINE:datapath_module|ex_alu_input_b[0]~1                            ; 85      ;
; DATAPATH_PIPELINE:datapath_module|ID_EX_REG:id_ex_reg|ex_alu_control[2]          ; 81      ;
; DATAPATH_PIPELINE:datapath_module|ex_alu_input_b[2]~61                           ; 70      ;
; DATAPATH_PIPELINE:datapath_module|REG_FILE:reg_file|Equal1~0                     ; 64      ;
; DATAPATH_PIPELINE:datapath_module|FORWARDING_UNIT:forwarding_unit|forward_a[0]   ; 58      ;
; DATAPATH_PIPELINE:datapath_module|ex_alu_input_b[3]~59                           ; 46      ;
; DATAPATH_PIPELINE:datapath_module|ALU:alu|Mux15~4                                ; 39      ;
; DATAPATH_PIPELINE:datapath_module|ID_EX_REG:id_ex_reg|ex_alu_control[1]          ; 39      ;
; DATAPATH_PIPELINE:datapath_module|MEM_WB_REG:mem_wb_reg|wb_alu_result[3]         ; 38      ;
; DATAPATH_PIPELINE:datapath_module|MEM_WB_REG:mem_wb_reg|wb_alu_result[1]         ; 37      ;
; DATAPATH_PIPELINE:datapath_module|MEM_WB_REG:mem_wb_reg|wb_alu_result[4]         ; 37      ;
; DATAPATH_PIPELINE:datapath_module|MEM_WB_REG:mem_wb_reg|wb_alu_result[5]         ; 37      ;
; DATAPATH_PIPELINE:datapath_module|IF_ID_REG:if_id_reg|id_instruction[20]         ; 36      ;
; DATAPATH_PIPELINE:datapath_module|MEM_WB_REG:mem_wb_reg|wb_alu_result[2]         ; 36      ;
; DATAPATH_PIPELINE:datapath_module|MEM_WB_REG:mem_wb_reg|wb_alu_result[8]         ; 36      ;
; DATAPATH_PIPELINE:datapath_module|MEM_WB_REG:mem_wb_reg|wb_alu_result[9]         ; 36      ;
; DATAPATH_PIPELINE:datapath_module|MEM_WB_REG:mem_wb_reg|wb_alu_result[10]        ; 36      ;
; DATAPATH_PIPELINE:datapath_module|MEM_WB_REG:mem_wb_reg|wb_alu_result[11]        ; 36      ;
; DATAPATH_PIPELINE:datapath_module|MEM_WB_REG:mem_wb_reg|wb_alu_result[12]        ; 36      ;
; DATAPATH_PIPELINE:datapath_module|MEM_WB_REG:mem_wb_reg|wb_alu_result[13]        ; 36      ;
; DATAPATH_PIPELINE:datapath_module|MEM_WB_REG:mem_wb_reg|wb_alu_result[14]        ; 36      ;
; DATAPATH_PIPELINE:datapath_module|MEM_WB_REG:mem_wb_reg|wb_alu_result[15]        ; 36      ;
; DATAPATH_PIPELINE:datapath_module|MEM_WB_REG:mem_wb_reg|wb_alu_result[16]        ; 36      ;
; DATAPATH_PIPELINE:datapath_module|MEM_WB_REG:mem_wb_reg|wb_alu_result[17]        ; 36      ;
; DATAPATH_PIPELINE:datapath_module|MEM_WB_REG:mem_wb_reg|wb_alu_result[18]        ; 36      ;
; DATAPATH_PIPELINE:datapath_module|MEM_WB_REG:mem_wb_reg|wb_alu_result[19]        ; 36      ;
; DATAPATH_PIPELINE:datapath_module|MEM_WB_REG:mem_wb_reg|wb_alu_result[20]        ; 36      ;
; DATAPATH_PIPELINE:datapath_module|MEM_WB_REG:mem_wb_reg|wb_alu_result[21]        ; 36      ;
; DATAPATH_PIPELINE:datapath_module|MEM_WB_REG:mem_wb_reg|wb_alu_result[22]        ; 36      ;
; DATAPATH_PIPELINE:datapath_module|MEM_WB_REG:mem_wb_reg|wb_alu_result[23]        ; 36      ;
; DATAPATH_PIPELINE:datapath_module|MEM_WB_REG:mem_wb_reg|wb_alu_result[29]        ; 36      ;
; DATAPATH_PIPELINE:datapath_module|MEM_WB_REG:mem_wb_reg|wb_alu_result[30]        ; 36      ;
; DATAPATH_PIPELINE:datapath_module|MEM_WB_REG:mem_wb_reg|wb_alu_result[31]        ; 36      ;
; DATAPATH_PIPELINE:datapath_module|ID_EX_REG:id_ex_reg|ex_alu_control[3]          ; 36      ;
; DATAPATH_PIPELINE:datapath_module|MEM_WB_REG:mem_wb_reg|wb_alu_result[0]         ; 36      ;
; DATAPATH_PIPELINE:datapath_module|MEM_WB_REG:mem_wb_reg|wb_alu_result[6]         ; 35      ;
; DATAPATH_PIPELINE:datapath_module|MEM_WB_REG:mem_wb_reg|wb_alu_result[7]         ; 35      ;
; DATAPATH_PIPELINE:datapath_module|MEM_WB_REG:mem_wb_reg|wb_alu_result[24]        ; 35      ;
; DATAPATH_PIPELINE:datapath_module|MEM_WB_REG:mem_wb_reg|wb_alu_result[25]        ; 35      ;
; DATAPATH_PIPELINE:datapath_module|MEM_WB_REG:mem_wb_reg|wb_alu_result[26]        ; 35      ;
; DATAPATH_PIPELINE:datapath_module|MEM_WB_REG:mem_wb_reg|wb_alu_result[27]        ; 35      ;
; DATAPATH_PIPELINE:datapath_module|MEM_WB_REG:mem_wb_reg|wb_alu_result[28]        ; 35      ;
; DATAPATH_PIPELINE:datapath_module|FORWARDING_UNIT:forwarding_unit|always0~7      ; 33      ;
; DATAPATH_PIPELINE:datapath_module|REG_FILE:reg_file|Decoder0~46                  ; 32      ;
; DATAPATH_PIPELINE:datapath_module|REG_FILE:reg_file|Decoder0~45                  ; 32      ;
; DATAPATH_PIPELINE:datapath_module|REG_FILE:reg_file|Decoder0~44                  ; 32      ;
; DATAPATH_PIPELINE:datapath_module|REG_FILE:reg_file|Decoder0~43                  ; 32      ;
; DATAPATH_PIPELINE:datapath_module|REG_FILE:reg_file|Decoder0~42                  ; 32      ;
; DATAPATH_PIPELINE:datapath_module|REG_FILE:reg_file|Decoder0~41                  ; 32      ;
; DATAPATH_PIPELINE:datapath_module|REG_FILE:reg_file|Decoder0~40                  ; 32      ;
; DATAPATH_PIPELINE:datapath_module|REG_FILE:reg_file|Decoder0~38                  ; 32      ;
; DATAPATH_PIPELINE:datapath_module|REG_FILE:reg_file|Decoder0~37                  ; 32      ;
; DATAPATH_PIPELINE:datapath_module|REG_FILE:reg_file|Decoder0~36                  ; 32      ;
; DATAPATH_PIPELINE:datapath_module|REG_FILE:reg_file|Decoder0~35                  ; 32      ;
; DATAPATH_PIPELINE:datapath_module|REG_FILE:reg_file|Decoder0~34                  ; 32      ;
; DATAPATH_PIPELINE:datapath_module|REG_FILE:reg_file|Decoder0~33                  ; 32      ;
; DATAPATH_PIPELINE:datapath_module|REG_FILE:reg_file|Decoder0~32                  ; 32      ;
; DATAPATH_PIPELINE:datapath_module|REG_FILE:reg_file|Decoder0~31                  ; 32      ;
; DATAPATH_PIPELINE:datapath_module|REG_FILE:reg_file|Decoder0~30                  ; 32      ;
; DATAPATH_PIPELINE:datapath_module|REG_FILE:reg_file|Decoder0~29                  ; 32      ;
; DATAPATH_PIPELINE:datapath_module|REG_FILE:reg_file|Decoder0~27                  ; 32      ;
; DATAPATH_PIPELINE:datapath_module|REG_FILE:reg_file|Decoder0~26                  ; 32      ;
; DATAPATH_PIPELINE:datapath_module|REG_FILE:reg_file|Decoder0~25                  ; 32      ;
; DATAPATH_PIPELINE:datapath_module|REG_FILE:reg_file|Decoder0~24                  ; 32      ;
; DATAPATH_PIPELINE:datapath_module|REG_FILE:reg_file|Decoder0~23                  ; 32      ;
; DATAPATH_PIPELINE:datapath_module|REG_FILE:reg_file|Decoder0~22                  ; 32      ;
; DATAPATH_PIPELINE:datapath_module|REG_FILE:reg_file|Decoder0~21                  ; 32      ;
; DATAPATH_PIPELINE:datapath_module|REG_FILE:reg_file|Decoder0~20                  ; 32      ;
; DATAPATH_PIPELINE:datapath_module|REG_FILE:reg_file|Decoder0~19                  ; 32      ;
; DATAPATH_PIPELINE:datapath_module|REG_FILE:reg_file|Decoder0~18                  ; 32      ;
; DATAPATH_PIPELINE:datapath_module|REG_FILE:reg_file|Decoder0~17                  ; 32      ;
; DATAPATH_PIPELINE:datapath_module|REG_FILE:reg_file|Decoder0~15                  ; 32      ;
; DATAPATH_PIPELINE:datapath_module|REG_FILE:reg_file|Decoder0~14                  ; 32      ;
; DATAPATH_PIPELINE:datapath_module|REG_FILE:reg_file|Decoder0~12                  ; 32      ;
; DATAPATH_PIPELINE:datapath_module|FORWARDING_UNIT:forwarding_unit|always0~5      ; 32      ;
; DATAPATH_PIPELINE:datapath_module|MEM_WB_REG:mem_wb_reg|wb_rd[1]                 ; 29      ;
; DATAPATH_PIPELINE:datapath_module|ex_alu_input_b[4]~57                           ; 22      ;
; DATAPATH_PIPELINE:datapath_module|MEM_WB_REG:mem_wb_reg|wb_rd[3]                 ; 22      ;
; DATAPATH_PIPELINE:datapath_module|MEM_WB_REG:mem_wb_reg|wb_rd[2]                 ; 22      ;
; DATAPATH_PIPELINE:datapath_module|MEM_WB_REG:mem_wb_reg|wb_rd[0]                 ; 20      ;
; DATAPATH_PIPELINE:datapath_module|ALU:alu|Mux4~11                                ; 19      ;
; IFU_PIPELINE:ifu_module|INST_MEM:instr_mem|Equal0~8                              ; 15      ;
; DATAPATH_PIPELINE:datapath_module|ALU:alu|Mux15~8                                ; 15      ;
; DATAPATH_PIPELINE:datapath_module|ALU:alu|Mux15~7                                ; 15      ;
; IFU_PIPELINE:ifu_module|if_pc[2]                                                 ; 14      ;
; IFU_PIPELINE:ifu_module|if_pc[3]                                                 ; 14      ;
; DATAPATH_PIPELINE:datapath_module|ALU:alu|ShiftLeft0~116                         ; 13      ;
; DATAPATH_PIPELINE:datapath_module|ID_EX_REG:id_ex_reg|ex_alu_control[0]          ; 13      ;
; DATAPATH_PIPELINE:datapath_module|ex_alu_input_a[0]~1                            ; 13      ;
; IFU_PIPELINE:ifu_module|if_pc[4]                                                 ; 13      ;
; reset                                                                            ; 12      ;
; DATAPATH_PIPELINE:datapath_module|ALU:alu|Mux4~15                                ; 12      ;
; DATAPATH_PIPELINE:datapath_module|ALU:alu|Mux4~5                                 ; 12      ;
; DATAPATH_PIPELINE:datapath_module|ALU:alu|Mux16~7                                ; 12      ;
; DATAPATH_PIPELINE:datapath_module|ALU:alu|Mux16~6                                ; 12      ;
; DATAPATH_PIPELINE:datapath_module|ex_alu_input_a[1]~63                           ; 12      ;
; DATAPATH_PIPELINE:datapath_module|ex_alu_input_a[15]~35                          ; 12      ;
; DATAPATH_PIPELINE:datapath_module|ex_alu_input_a[16]~33                          ; 12      ;
; DATAPATH_PIPELINE:datapath_module|MEM_WB_REG:mem_wb_reg|wb_rd[4]                 ; 12      ;
; DATAPATH_PIPELINE:datapath_module|MEM_WB_REG:mem_wb_reg|wb_regwrite              ; 12      ;
; DATAPATH_PIPELINE:datapath_module|ex_alu_input_a[2]~61                           ; 11      ;
; DATAPATH_PIPELINE:datapath_module|ex_alu_input_a[3]~59                           ; 11      ;
; DATAPATH_PIPELINE:datapath_module|ex_alu_input_a[13]~39                          ; 11      ;
; DATAPATH_PIPELINE:datapath_module|ex_alu_input_a[14]~37                          ; 11      ;
; DATAPATH_PIPELINE:datapath_module|ex_alu_input_a[17]~31                          ; 11      ;
; DATAPATH_PIPELINE:datapath_module|ex_alu_input_a[29]~7                           ; 11      ;
; DATAPATH_PIPELINE:datapath_module|ex_alu_input_a[31]~3                           ; 11      ;
; DATAPATH_PIPELINE:datapath_module|ALU:alu|Mux15~15                               ; 10      ;
; DATAPATH_PIPELINE:datapath_module|ALU:alu|Mux15~6                                ; 10      ;
; DATAPATH_PIPELINE:datapath_module|ALU:alu|Mux15~5                                ; 10      ;
; DATAPATH_PIPELINE:datapath_module|ex_alu_input_a[4]~57                           ; 10      ;
; DATAPATH_PIPELINE:datapath_module|ex_alu_input_a[6]~53                           ; 10      ;
; DATAPATH_PIPELINE:datapath_module|ex_alu_input_a[7]~51                           ; 10      ;
; DATAPATH_PIPELINE:datapath_module|ex_alu_input_a[8]~49                           ; 10      ;
; DATAPATH_PIPELINE:datapath_module|ex_alu_input_a[12]~41                          ; 10      ;
; DATAPATH_PIPELINE:datapath_module|ex_alu_input_a[18]~29                          ; 10      ;
; DATAPATH_PIPELINE:datapath_module|ex_alu_input_a[23]~19                          ; 10      ;
; DATAPATH_PIPELINE:datapath_module|ex_alu_input_a[24]~17                          ; 10      ;
; DATAPATH_PIPELINE:datapath_module|ex_alu_input_a[25]~15                          ; 10      ;
; DATAPATH_PIPELINE:datapath_module|ex_alu_input_a[28]~9                           ; 10      ;
; DATAPATH_PIPELINE:datapath_module|ex_alu_input_a[30]~5                           ; 10      ;
; DATAPATH_PIPELINE:datapath_module|ex_alu_input_a[5]~55                           ; 9       ;
; DATAPATH_PIPELINE:datapath_module|ex_alu_input_a[9]~47                           ; 9       ;
; DATAPATH_PIPELINE:datapath_module|ex_alu_input_a[10]~45                          ; 9       ;
; DATAPATH_PIPELINE:datapath_module|ex_alu_input_a[11]~43                          ; 9       ;
; DATAPATH_PIPELINE:datapath_module|ex_alu_input_a[19]~27                          ; 9       ;
; DATAPATH_PIPELINE:datapath_module|ex_alu_input_a[20]~25                          ; 9       ;
; DATAPATH_PIPELINE:datapath_module|ex_alu_input_a[21]~23                          ; 9       ;
; DATAPATH_PIPELINE:datapath_module|ex_alu_input_a[22]~21                          ; 9       ;
; DATAPATH_PIPELINE:datapath_module|ex_alu_input_a[26]~13                          ; 9       ;
; DATAPATH_PIPELINE:datapath_module|ex_alu_input_a[27]~11                          ; 9       ;
; DATAPATH_PIPELINE:datapath_module|ALU:alu|Mux16~14                               ; 8       ;
; DATAPATH_PIPELINE:datapath_module|REG_FILE:reg_file|Decoder0~16                  ; 8       ;
; DATAPATH_PIPELINE:datapath_module|REG_FILE:reg_file|Decoder0~10                  ; 8       ;
; DATAPATH_PIPELINE:datapath_module|ALU:alu|Mux2~1                                 ; 8       ;
; DATAPATH_PIPELINE:datapath_module|ALU:alu|Mux16~5                                ; 8       ;
; DATAPATH_PIPELINE:datapath_module|ALU:alu|Mux16~4                                ; 8       ;
; DATAPATH_PIPELINE:datapath_module|ALU:alu|ShiftLeft0~20                          ; 7       ;
; ~GND                                                                             ; 6       ;
; DATAPATH_PIPELINE:datapath_module|ALU:alu|ShiftLeft0~58                          ; 6       ;
; DATAPATH_PIPELINE:datapath_module|ALU:alu|ShiftRight0~18                         ; 6       ;
; DATAPATH_PIPELINE:datapath_module|ex_alu_input_b[3]~58                           ; 6       ;
; DATAPATH_PIPELINE:datapath_module|ex_alu_input_b[8]~49                           ; 6       ;
; DATAPATH_PIPELINE:datapath_module|ex_alu_input_b[9]~47                           ; 6       ;
; DATAPATH_PIPELINE:datapath_module|ex_alu_input_b[10]~45                          ; 6       ;
; DATAPATH_PIPELINE:datapath_module|ex_alu_input_b[11]~43                          ; 6       ;
; DATAPATH_PIPELINE:datapath_module|ALU:alu|ShiftLeft0~29                          ; 5       ;
; DATAPATH_PIPELINE:datapath_module|ex_alu_input_b[1]~63                           ; 5       ;
; DATAPATH_PIPELINE:datapath_module|ex_alu_input_b[4]~56                           ; 5       ;
; DATAPATH_PIPELINE:datapath_module|ex_alu_input_b[5]~55                           ; 5       ;
; DATAPATH_PIPELINE:datapath_module|ex_alu_input_b[6]~53                           ; 5       ;
; DATAPATH_PIPELINE:datapath_module|ex_alu_input_b[7]~51                           ; 5       ;
; DATAPATH_PIPELINE:datapath_module|ex_alu_input_b[12]~41                          ; 5       ;
; DATAPATH_PIPELINE:datapath_module|ex_alu_input_b[13]~39                          ; 5       ;
; DATAPATH_PIPELINE:datapath_module|ex_alu_input_b[14]~37                          ; 5       ;
; DATAPATH_PIPELINE:datapath_module|ex_alu_input_b[15]~35                          ; 5       ;
; DATAPATH_PIPELINE:datapath_module|ex_alu_input_b[16]~33                          ; 5       ;
; DATAPATH_PIPELINE:datapath_module|ex_alu_input_b[17]~31                          ; 5       ;
; DATAPATH_PIPELINE:datapath_module|EX_MEM_REG:ex_mem_reg|mem_rd[0]                ; 5       ;
; DATAPATH_PIPELINE:datapath_module|REG_FILE:reg_file|Decoder0~39                  ; 4       ;
; DATAPATH_PIPELINE:datapath_module|REG_FILE:reg_file|Decoder0~11                  ; 4       ;
; DATAPATH_PIPELINE:datapath_module|ALU:alu|Mux28~3                                ; 4       ;
; DATAPATH_PIPELINE:datapath_module|ALU:alu|Mux27~0                                ; 4       ;
; DATAPATH_PIPELINE:datapath_module|ALU:alu|Mux2~0                                 ; 4       ;
; DATAPATH_PIPELINE:datapath_module|ALU:alu|Mux0~0                                 ; 4       ;
; DATAPATH_PIPELINE:datapath_module|ALU:alu|Mux4~4                                 ; 4       ;
; DATAPATH_PIPELINE:datapath_module|ALU:alu|ShiftRight0~64                         ; 4       ;
; DATAPATH_PIPELINE:datapath_module|ALU:alu|ShiftLeft0~35                          ; 4       ;
; DATAPATH_PIPELINE:datapath_module|ALU:alu|ShiftLeft0~33                          ; 4       ;
; DATAPATH_PIPELINE:datapath_module|ALU:alu|ShiftLeft0~21                          ; 4       ;
; DATAPATH_PIPELINE:datapath_module|ex_alu_input_b[2]~60                           ; 4       ;
; DATAPATH_PIPELINE:datapath_module|ex_alu_input_b[18]~29                          ; 4       ;
; DATAPATH_PIPELINE:datapath_module|ex_alu_input_b[19]~27                          ; 4       ;
; DATAPATH_PIPELINE:datapath_module|ex_alu_input_b[20]~25                          ; 4       ;
; DATAPATH_PIPELINE:datapath_module|ex_alu_input_b[21]~23                          ; 4       ;
; DATAPATH_PIPELINE:datapath_module|ex_alu_input_b[22]~21                          ; 4       ;
; DATAPATH_PIPELINE:datapath_module|ex_alu_input_b[23]~19                          ; 4       ;
; DATAPATH_PIPELINE:datapath_module|ex_alu_input_b[29]~6                           ; 4       ;
; DATAPATH_PIPELINE:datapath_module|ex_alu_input_b[30]~5                           ; 4       ;
; DATAPATH_PIPELINE:datapath_module|ex_alu_input_b[31]~3                           ; 4       ;
; DATAPATH_PIPELINE:datapath_module|ex_alu_input_b[0]~0                            ; 4       ;
; DATAPATH_PIPELINE:datapath_module|EX_MEM_REG:ex_mem_reg|mem_regwrite             ; 4       ;
; DATAPATH_PIPELINE:datapath_module|ID_EX_REG:id_ex_reg|ex_rs2[0]                  ; 4       ;
; DATAPATH_PIPELINE:datapath_module|IF_ID_REG:if_id_reg|id_instruction[13]         ; 4       ;
; DATAPATH_PIPELINE:datapath_module|IF_ID_REG:if_id_reg|id_instruction[12]         ; 4       ;
; DATAPATH_PIPELINE:datapath_module|IF_ID_REG:if_id_reg|id_instruction[14]         ; 4       ;
; DATAPATH_PIPELINE:datapath_module|ALU:alu|ShiftLeft0~117                         ; 3       ;
; DATAPATH_PIPELINE:datapath_module|REG_FILE:reg_file|Decoder0~28                  ; 3       ;
; DATAPATH_PIPELINE:datapath_module|IF_ID_REG:if_id_reg|id_instruction[25]         ; 3       ;
; DATAPATH_PIPELINE:datapath_module|IF_ID_REG:if_id_reg|id_instruction[30]         ; 3       ;
; DATAPATH_PIPELINE:datapath_module|ALU:alu|ShiftRight0~65                         ; 3       ;
; DATAPATH_PIPELINE:datapath_module|ALU:alu|ShiftRight0~48                         ; 3       ;
; DATAPATH_PIPELINE:datapath_module|ALU:alu|ShiftLeft0~25                          ; 3       ;
; DATAPATH_PIPELINE:datapath_module|ALU:alu|ShiftLeft0~24                          ; 3       ;
; DATAPATH_PIPELINE:datapath_module|ALU:alu|ShiftLeft0~23                          ; 3       ;
; DATAPATH_PIPELINE:datapath_module|ALU:alu|ShiftLeft0~14                          ; 3       ;
; DATAPATH_PIPELINE:datapath_module|ALU:alu|ShiftLeft0~13                          ; 3       ;
; DATAPATH_PIPELINE:datapath_module|ALU:alu|ShiftRight0~22                         ; 3       ;
; DATAPATH_PIPELINE:datapath_module|ALU:alu|ShiftRight0~19                         ; 3       ;
; DATAPATH_PIPELINE:datapath_module|ALU:alu|ShiftLeft0~10                          ; 3       ;
; DATAPATH_PIPELINE:datapath_module|EX_MEM_REG:ex_mem_reg|mem_alu_result[1]        ; 3       ;
; DATAPATH_PIPELINE:datapath_module|EX_MEM_REG:ex_mem_reg|mem_alu_result[2]        ; 3       ;
; DATAPATH_PIPELINE:datapath_module|EX_MEM_REG:ex_mem_reg|mem_alu_result[3]        ; 3       ;
; DATAPATH_PIPELINE:datapath_module|EX_MEM_REG:ex_mem_reg|mem_alu_result[4]        ; 3       ;
; DATAPATH_PIPELINE:datapath_module|ex_alu_input_b[5]~54                           ; 3       ;
; DATAPATH_PIPELINE:datapath_module|ex_alu_input_a[5]~54                           ; 3       ;
; DATAPATH_PIPELINE:datapath_module|EX_MEM_REG:ex_mem_reg|mem_alu_result[5]        ; 3       ;
; DATAPATH_PIPELINE:datapath_module|EX_MEM_REG:ex_mem_reg|mem_alu_result[6]        ; 3       ;
; DATAPATH_PIPELINE:datapath_module|EX_MEM_REG:ex_mem_reg|mem_alu_result[7]        ; 3       ;
; DATAPATH_PIPELINE:datapath_module|ex_alu_input_a[8]~48                           ; 3       ;
; DATAPATH_PIPELINE:datapath_module|EX_MEM_REG:ex_mem_reg|mem_alu_result[8]        ; 3       ;
; DATAPATH_PIPELINE:datapath_module|ex_alu_input_a[9]~46                           ; 3       ;
; DATAPATH_PIPELINE:datapath_module|EX_MEM_REG:ex_mem_reg|mem_alu_result[9]        ; 3       ;
; DATAPATH_PIPELINE:datapath_module|ex_alu_input_a[10]~44                          ; 3       ;
; DATAPATH_PIPELINE:datapath_module|EX_MEM_REG:ex_mem_reg|mem_alu_result[10]       ; 3       ;
; DATAPATH_PIPELINE:datapath_module|ex_alu_input_a[11]~42                          ; 3       ;
; DATAPATH_PIPELINE:datapath_module|EX_MEM_REG:ex_mem_reg|mem_alu_result[11]       ; 3       ;
; DATAPATH_PIPELINE:datapath_module|ex_alu_input_b[12]~40                          ; 3       ;
; DATAPATH_PIPELINE:datapath_module|EX_MEM_REG:ex_mem_reg|mem_alu_result[12]       ; 3       ;
; DATAPATH_PIPELINE:datapath_module|ex_alu_input_b[13]~38                          ; 3       ;
; DATAPATH_PIPELINE:datapath_module|EX_MEM_REG:ex_mem_reg|mem_alu_result[13]       ; 3       ;
; DATAPATH_PIPELINE:datapath_module|ex_alu_input_b[14]~36                          ; 3       ;
; DATAPATH_PIPELINE:datapath_module|EX_MEM_REG:ex_mem_reg|mem_alu_result[14]       ; 3       ;
; DATAPATH_PIPELINE:datapath_module|ex_alu_input_b[15]~34                          ; 3       ;
; DATAPATH_PIPELINE:datapath_module|EX_MEM_REG:ex_mem_reg|mem_alu_result[15]       ; 3       ;
; DATAPATH_PIPELINE:datapath_module|ex_alu_input_b[16]~32                          ; 3       ;
; DATAPATH_PIPELINE:datapath_module|EX_MEM_REG:ex_mem_reg|mem_alu_result[16]       ; 3       ;
; DATAPATH_PIPELINE:datapath_module|ex_alu_input_b[17]~30                          ; 3       ;
; DATAPATH_PIPELINE:datapath_module|EX_MEM_REG:ex_mem_reg|mem_alu_result[17]       ; 3       ;
; DATAPATH_PIPELINE:datapath_module|ex_alu_input_b[18]~28                          ; 3       ;
; DATAPATH_PIPELINE:datapath_module|EX_MEM_REG:ex_mem_reg|mem_alu_result[18]       ; 3       ;
; DATAPATH_PIPELINE:datapath_module|ex_alu_input_b[19]~26                          ; 3       ;
; DATAPATH_PIPELINE:datapath_module|EX_MEM_REG:ex_mem_reg|mem_alu_result[19]       ; 3       ;
; DATAPATH_PIPELINE:datapath_module|ex_alu_input_b[20]~24                          ; 3       ;
; DATAPATH_PIPELINE:datapath_module|EX_MEM_REG:ex_mem_reg|mem_alu_result[20]       ; 3       ;
; DATAPATH_PIPELINE:datapath_module|ex_alu_input_b[21]~22                          ; 3       ;
; DATAPATH_PIPELINE:datapath_module|EX_MEM_REG:ex_mem_reg|mem_alu_result[21]       ; 3       ;
; DATAPATH_PIPELINE:datapath_module|ex_alu_input_b[22]~20                          ; 3       ;
; DATAPATH_PIPELINE:datapath_module|EX_MEM_REG:ex_mem_reg|mem_alu_result[22]       ; 3       ;
; DATAPATH_PIPELINE:datapath_module|ex_alu_input_b[23]~18                          ; 3       ;
; DATAPATH_PIPELINE:datapath_module|EX_MEM_REG:ex_mem_reg|mem_alu_result[23]       ; 3       ;
; DATAPATH_PIPELINE:datapath_module|ex_alu_input_b[24]~17                          ; 3       ;
; DATAPATH_PIPELINE:datapath_module|ex_alu_input_b[24]~16                          ; 3       ;
; DATAPATH_PIPELINE:datapath_module|EX_MEM_REG:ex_mem_reg|mem_alu_result[24]       ; 3       ;
; DATAPATH_PIPELINE:datapath_module|ex_alu_input_b[25]~15                          ; 3       ;
; DATAPATH_PIPELINE:datapath_module|ex_alu_input_b[25]~14                          ; 3       ;
; DATAPATH_PIPELINE:datapath_module|EX_MEM_REG:ex_mem_reg|mem_alu_result[25]       ; 3       ;
; DATAPATH_PIPELINE:datapath_module|ex_alu_input_b[26]~13                          ; 3       ;
; DATAPATH_PIPELINE:datapath_module|ex_alu_input_b[26]~12                          ; 3       ;
; DATAPATH_PIPELINE:datapath_module|EX_MEM_REG:ex_mem_reg|mem_alu_result[26]       ; 3       ;
; DATAPATH_PIPELINE:datapath_module|ex_alu_input_b[27]~11                          ; 3       ;
; DATAPATH_PIPELINE:datapath_module|ex_alu_input_b[27]~10                          ; 3       ;
; DATAPATH_PIPELINE:datapath_module|EX_MEM_REG:ex_mem_reg|mem_alu_result[27]       ; 3       ;
; DATAPATH_PIPELINE:datapath_module|ex_alu_input_b[28]~9                           ; 3       ;
; DATAPATH_PIPELINE:datapath_module|ex_alu_input_b[28]~8                           ; 3       ;
; DATAPATH_PIPELINE:datapath_module|EX_MEM_REG:ex_mem_reg|mem_alu_result[28]       ; 3       ;
; DATAPATH_PIPELINE:datapath_module|ex_alu_input_b[29]~7                           ; 3       ;
; DATAPATH_PIPELINE:datapath_module|EX_MEM_REG:ex_mem_reg|mem_alu_result[29]       ; 3       ;
; DATAPATH_PIPELINE:datapath_module|ex_alu_input_b[30]~4                           ; 3       ;
; DATAPATH_PIPELINE:datapath_module|EX_MEM_REG:ex_mem_reg|mem_alu_result[30]       ; 3       ;
; DATAPATH_PIPELINE:datapath_module|ex_alu_input_b[31]~2                           ; 3       ;
; DATAPATH_PIPELINE:datapath_module|EX_MEM_REG:ex_mem_reg|mem_alu_result[31]       ; 3       ;
; DATAPATH_PIPELINE:datapath_module|EX_MEM_REG:ex_mem_reg|mem_alu_result[0]        ; 3       ;
; DATAPATH_PIPELINE:datapath_module|EX_MEM_REG:ex_mem_reg|mem_rd[3]                ; 3       ;
; DATAPATH_PIPELINE:datapath_module|EX_MEM_REG:ex_mem_reg|mem_rd[4]                ; 3       ;
; DATAPATH_PIPELINE:datapath_module|EX_MEM_REG:ex_mem_reg|mem_rd[1]                ; 3       ;
; DATAPATH_PIPELINE:datapath_module|EX_MEM_REG:ex_mem_reg|mem_rd[2]                ; 3       ;
; DATAPATH_PIPELINE:datapath_module|REG_FILE:reg_file|Decoder0~8                   ; 3       ;
; DATAPATH_PIPELINE:datapath_module|ALU:alu|ShiftRight0~105                        ; 2       ;
; DATAPATH_PIPELINE:datapath_module|REG_FILE:reg_file|Decoder0~13                  ; 2       ;
; DATAPATH_PIPELINE:datapath_module|REG_FILE:reg_file|Decoder0~9                   ; 2       ;
; DATAPATH_PIPELINE:datapath_module|REG_FILE:reg_file|Mux30~9                      ; 2       ;
; DATAPATH_PIPELINE:datapath_module|REG_FILE:reg_file|Mux29~9                      ; 2       ;
; DATAPATH_PIPELINE:datapath_module|REG_FILE:reg_file|Mux28~9                      ; 2       ;
; DATAPATH_PIPELINE:datapath_module|REG_FILE:reg_file|Mux27~9                      ; 2       ;
; DATAPATH_PIPELINE:datapath_module|REG_FILE:reg_file|Mux26~9                      ; 2       ;
; DATAPATH_PIPELINE:datapath_module|REG_FILE:reg_file|Mux25~9                      ; 2       ;
; DATAPATH_PIPELINE:datapath_module|REG_FILE:reg_file|Mux24~9                      ; 2       ;
; DATAPATH_PIPELINE:datapath_module|REG_FILE:reg_file|Mux23~9                      ; 2       ;
; DATAPATH_PIPELINE:datapath_module|REG_FILE:reg_file|Mux22~9                      ; 2       ;
; DATAPATH_PIPELINE:datapath_module|REG_FILE:reg_file|Mux21~9                      ; 2       ;
; DATAPATH_PIPELINE:datapath_module|REG_FILE:reg_file|Mux20~9                      ; 2       ;
; DATAPATH_PIPELINE:datapath_module|REG_FILE:reg_file|Mux19~9                      ; 2       ;
; DATAPATH_PIPELINE:datapath_module|REG_FILE:reg_file|Mux18~9                      ; 2       ;
; DATAPATH_PIPELINE:datapath_module|REG_FILE:reg_file|Mux17~9                      ; 2       ;
; DATAPATH_PIPELINE:datapath_module|REG_FILE:reg_file|Mux16~9                      ; 2       ;
; DATAPATH_PIPELINE:datapath_module|REG_FILE:reg_file|Mux15~9                      ; 2       ;
; DATAPATH_PIPELINE:datapath_module|REG_FILE:reg_file|Mux14~9                      ; 2       ;
; DATAPATH_PIPELINE:datapath_module|REG_FILE:reg_file|Mux13~9                      ; 2       ;
; DATAPATH_PIPELINE:datapath_module|REG_FILE:reg_file|Mux12~9                      ; 2       ;
; DATAPATH_PIPELINE:datapath_module|REG_FILE:reg_file|Mux11~9                      ; 2       ;
; DATAPATH_PIPELINE:datapath_module|REG_FILE:reg_file|Mux10~9                      ; 2       ;
; DATAPATH_PIPELINE:datapath_module|REG_FILE:reg_file|Mux9~9                       ; 2       ;
; DATAPATH_PIPELINE:datapath_module|REG_FILE:reg_file|Mux8~9                       ; 2       ;
; DATAPATH_PIPELINE:datapath_module|REG_FILE:reg_file|Mux7~9                       ; 2       ;
; DATAPATH_PIPELINE:datapath_module|REG_FILE:reg_file|Mux6~9                       ; 2       ;
; DATAPATH_PIPELINE:datapath_module|REG_FILE:reg_file|Mux5~9                       ; 2       ;
; DATAPATH_PIPELINE:datapath_module|REG_FILE:reg_file|Mux4~9                       ; 2       ;
; DATAPATH_PIPELINE:datapath_module|REG_FILE:reg_file|Mux3~9                       ; 2       ;
; DATAPATH_PIPELINE:datapath_module|REG_FILE:reg_file|Mux2~9                       ; 2       ;
; DATAPATH_PIPELINE:datapath_module|REG_FILE:reg_file|Mux1~9                       ; 2       ;
; DATAPATH_PIPELINE:datapath_module|REG_FILE:reg_file|Mux0~9                       ; 2       ;
; DATAPATH_PIPELINE:datapath_module|CONTROL:control_unit|alu_control[3]~0          ; 2       ;
; DATAPATH_PIPELINE:datapath_module|REG_FILE:reg_file|Mux31~9                      ; 2       ;
; DATAPATH_PIPELINE:datapath_module|ALU:alu|Mux30~4                                ; 2       ;
; DATAPATH_PIPELINE:datapath_module|ALU:alu|Mux29~6                                ; 2       ;
; DATAPATH_PIPELINE:datapath_module|ALU:alu|Mux28~11                               ; 2       ;
; DATAPATH_PIPELINE:datapath_module|ALU:alu|Mux28~10                               ; 2       ;
; DATAPATH_PIPELINE:datapath_module|ALU:alu|Mux28~9                                ; 2       ;
; DATAPATH_PIPELINE:datapath_module|ALU:alu|Mux28~4                                ; 2       ;
; DATAPATH_PIPELINE:datapath_module|ALU:alu|ShiftRight0~99                         ; 2       ;
; DATAPATH_PIPELINE:datapath_module|ALU:alu|Mux19~5                                ; 2       ;
; DATAPATH_PIPELINE:datapath_module|ALU:alu|Mux18~5                                ; 2       ;
; DATAPATH_PIPELINE:datapath_module|ALU:alu|Mux17~5                                ; 2       ;
; DATAPATH_PIPELINE:datapath_module|ALU:alu|Mux16~13                               ; 2       ;
; DATAPATH_PIPELINE:datapath_module|ALU:alu|Mux14~5                                ; 2       ;
; DATAPATH_PIPELINE:datapath_module|ALU:alu|ShiftRight0~98                         ; 2       ;
; DATAPATH_PIPELINE:datapath_module|ALU:alu|Mux13~5                                ; 2       ;
; DATAPATH_PIPELINE:datapath_module|ALU:alu|ShiftRight0~96                         ; 2       ;
; DATAPATH_PIPELINE:datapath_module|ALU:alu|Mux12~5                                ; 2       ;
; DATAPATH_PIPELINE:datapath_module|ALU:alu|ShiftRight0~94                         ; 2       ;
; DATAPATH_PIPELINE:datapath_module|ALU:alu|Mux11~5                                ; 2       ;
; DATAPATH_PIPELINE:datapath_module|ALU:alu|Mux10~5                                ; 2       ;
; DATAPATH_PIPELINE:datapath_module|ALU:alu|Mux9~5                                 ; 2       ;
; DATAPATH_PIPELINE:datapath_module|ALU:alu|Mux8~5                                 ; 2       ;
; DATAPATH_PIPELINE:datapath_module|ALU:alu|Mux15~14                               ; 2       ;
; DATAPATH_PIPELINE:datapath_module|ALU:alu|Mux27~7                                ; 2       ;
; DATAPATH_PIPELINE:datapath_module|ALU:alu|ShiftLeft0~109                         ; 2       ;
; DATAPATH_PIPELINE:datapath_module|ALU:alu|Mux27~4                                ; 2       ;
; DATAPATH_PIPELINE:datapath_module|ALU:alu|ShiftRight0~93                         ; 2       ;
; DATAPATH_PIPELINE:datapath_module|ALU:alu|ShiftRight0~92                         ; 2       ;
; DATAPATH_PIPELINE:datapath_module|ALU:alu|ShiftRight0~91                         ; 2       ;
; DATAPATH_PIPELINE:datapath_module|ALU:alu|Mux6~6                                 ; 2       ;
; DATAPATH_PIPELINE:datapath_module|ALU:alu|Mux6~3                                 ; 2       ;
; DATAPATH_PIPELINE:datapath_module|ALU:alu|ShiftLeft0~108                         ; 2       ;
; DATAPATH_PIPELINE:datapath_module|ALU:alu|Mux25~6                                ; 2       ;
; DATAPATH_PIPELINE:datapath_module|ALU:alu|ShiftLeft0~107                         ; 2       ;
; DATAPATH_PIPELINE:datapath_module|ALU:alu|Mux25~3                                ; 2       ;
; DATAPATH_PIPELINE:datapath_module|ALU:alu|ShiftRight0~90                         ; 2       ;
; DATAPATH_PIPELINE:datapath_module|ALU:alu|ShiftRight0~89                         ; 2       ;
; DATAPATH_PIPELINE:datapath_module|ALU:alu|ShiftRight0~88                         ; 2       ;
; DATAPATH_PIPELINE:datapath_module|ALU:alu|ShiftRight0~86                         ; 2       ;
; DATAPATH_PIPELINE:datapath_module|ALU:alu|Mux26~5                                ; 2       ;
; DATAPATH_PIPELINE:datapath_module|ALU:alu|ShiftLeft0~106                         ; 2       ;
; DATAPATH_PIPELINE:datapath_module|ALU:alu|ShiftRight0~85                         ; 2       ;
; DATAPATH_PIPELINE:datapath_module|ALU:alu|ShiftRight0~84                         ; 2       ;
; DATAPATH_PIPELINE:datapath_module|ALU:alu|ShiftRight0~83                         ; 2       ;
; DATAPATH_PIPELINE:datapath_module|ALU:alu|ShiftRight0~82                         ; 2       ;
; DATAPATH_PIPELINE:datapath_module|ALU:alu|ShiftRight0~80                         ; 2       ;
; DATAPATH_PIPELINE:datapath_module|ALU:alu|Mux7~6                                 ; 2       ;
; DATAPATH_PIPELINE:datapath_module|ALU:alu|Mux7~3                                 ; 2       ;
; DATAPATH_PIPELINE:datapath_module|ALU:alu|ShiftLeft0~105                         ; 2       ;
; DATAPATH_PIPELINE:datapath_module|ALU:alu|Mux5~6                                 ; 2       ;
; DATAPATH_PIPELINE:datapath_module|ALU:alu|Mux5~3                                 ; 2       ;
; DATAPATH_PIPELINE:datapath_module|ALU:alu|ShiftLeft0~104                         ; 2       ;
; DATAPATH_PIPELINE:datapath_module|ALU:alu|Mux24~6                                ; 2       ;
; DATAPATH_PIPELINE:datapath_module|ALU:alu|ShiftLeft0~103                         ; 2       ;
; DATAPATH_PIPELINE:datapath_module|ALU:alu|Mux24~3                                ; 2       ;
; DATAPATH_PIPELINE:datapath_module|ALU:alu|ShiftRight0~79                         ; 2       ;
; DATAPATH_PIPELINE:datapath_module|ALU:alu|ShiftRight0~78                         ; 2       ;
; DATAPATH_PIPELINE:datapath_module|ALU:alu|ShiftRight0~77                         ; 2       ;
; DATAPATH_PIPELINE:datapath_module|ALU:alu|ShiftRight0~76                         ; 2       ;
; DATAPATH_PIPELINE:datapath_module|ALU:alu|ShiftRight0~75                         ; 2       ;
; DATAPATH_PIPELINE:datapath_module|ALU:alu|Mux2~12                                ; 2       ;
; DATAPATH_PIPELINE:datapath_module|ALU:alu|ShiftRight0~74                         ; 2       ;
; DATAPATH_PIPELINE:datapath_module|ALU:alu|ShiftLeft0~101                         ; 2       ;
; DATAPATH_PIPELINE:datapath_module|ALU:alu|ShiftLeft0~100                         ; 2       ;
; DATAPATH_PIPELINE:datapath_module|ALU:alu|ShiftLeft0~99                          ; 2       ;
; DATAPATH_PIPELINE:datapath_module|ALU:alu|ShiftLeft0~97                          ; 2       ;
; DATAPATH_PIPELINE:datapath_module|ALU:alu|ShiftLeft0~95                          ; 2       ;
; DATAPATH_PIPELINE:datapath_module|ALU:alu|ShiftLeft0~94                          ; 2       ;
; DATAPATH_PIPELINE:datapath_module|ALU:alu|ShiftLeft0~93                          ; 2       ;
; DATAPATH_PIPELINE:datapath_module|ALU:alu|ShiftLeft0~90                          ; 2       ;
; DATAPATH_PIPELINE:datapath_module|ALU:alu|Mux3~7                                 ; 2       ;
; DATAPATH_PIPELINE:datapath_module|ALU:alu|Mux2~4                                 ; 2       ;
; DATAPATH_PIPELINE:datapath_module|ALU:alu|Mux2~3                                 ; 2       ;
; DATAPATH_PIPELINE:datapath_module|ALU:alu|ShiftRight0~73                         ; 2       ;
; DATAPATH_PIPELINE:datapath_module|ALU:alu|Mux2~2                                 ; 2       ;
; DATAPATH_PIPELINE:datapath_module|ALU:alu|ShiftLeft0~89                          ; 2       ;
; DATAPATH_PIPELINE:datapath_module|ALU:alu|ShiftLeft0~88                          ; 2       ;
; DATAPATH_PIPELINE:datapath_module|ALU:alu|ShiftLeft0~87                          ; 2       ;
; DATAPATH_PIPELINE:datapath_module|ALU:alu|ShiftLeft0~86                          ; 2       ;
; DATAPATH_PIPELINE:datapath_module|ALU:alu|ShiftLeft0~85                          ; 2       ;
; DATAPATH_PIPELINE:datapath_module|ALU:alu|ShiftLeft0~84                          ; 2       ;
; DATAPATH_PIPELINE:datapath_module|ALU:alu|ShiftLeft0~83                          ; 2       ;
; DATAPATH_PIPELINE:datapath_module|ALU:alu|ShiftLeft0~82                          ; 2       ;
; DATAPATH_PIPELINE:datapath_module|ALU:alu|ShiftLeft0~81                          ; 2       ;
; DATAPATH_PIPELINE:datapath_module|ALU:alu|ShiftLeft0~80                          ; 2       ;
; DATAPATH_PIPELINE:datapath_module|ALU:alu|ShiftLeft0~79                          ; 2       ;
; DATAPATH_PIPELINE:datapath_module|ALU:alu|ShiftLeft0~76                          ; 2       ;
; DATAPATH_PIPELINE:datapath_module|ALU:alu|Mux3~0                                 ; 2       ;
; DATAPATH_PIPELINE:datapath_module|ALU:alu|Mux1~7                                 ; 2       ;
; DATAPATH_PIPELINE:datapath_module|ALU:alu|ShiftLeft0~75                          ; 2       ;
; DATAPATH_PIPELINE:datapath_module|ALU:alu|ShiftLeft0~74                          ; 2       ;
; DATAPATH_PIPELINE:datapath_module|ALU:alu|ShiftLeft0~73                          ; 2       ;
; DATAPATH_PIPELINE:datapath_module|ALU:alu|ShiftLeft0~72                          ; 2       ;
; DATAPATH_PIPELINE:datapath_module|ALU:alu|ShiftLeft0~70                          ; 2       ;
; DATAPATH_PIPELINE:datapath_module|ALU:alu|ShiftLeft0~69                          ; 2       ;
; DATAPATH_PIPELINE:datapath_module|ALU:alu|ShiftLeft0~67                          ; 2       ;
; DATAPATH_PIPELINE:datapath_module|ALU:alu|ShiftLeft0~66                          ; 2       ;
; DATAPATH_PIPELINE:datapath_module|ALU:alu|ShiftLeft0~65                          ; 2       ;
; DATAPATH_PIPELINE:datapath_module|ALU:alu|ShiftLeft0~64                          ; 2       ;
; DATAPATH_PIPELINE:datapath_module|ALU:alu|ShiftLeft0~63                          ; 2       ;
; DATAPATH_PIPELINE:datapath_module|ALU:alu|ShiftLeft0~62                          ; 2       ;
; DATAPATH_PIPELINE:datapath_module|ALU:alu|ShiftRight0~72                         ; 2       ;
; DATAPATH_PIPELINE:datapath_module|ALU:alu|Mux0~8                                 ; 2       ;
; DATAPATH_PIPELINE:datapath_module|ALU:alu|ShiftLeft0~61                          ; 2       ;
; DATAPATH_PIPELINE:datapath_module|ALU:alu|ShiftLeft0~60                          ; 2       ;
; DATAPATH_PIPELINE:datapath_module|ALU:alu|ShiftLeft0~57                          ; 2       ;
; DATAPATH_PIPELINE:datapath_module|ALU:alu|ShiftLeft0~56                          ; 2       ;
; DATAPATH_PIPELINE:datapath_module|ALU:alu|ShiftRight0~71                         ; 2       ;
; DATAPATH_PIPELINE:datapath_module|ALU:alu|Mux4~13                                ; 2       ;
; DATAPATH_PIPELINE:datapath_module|ALU:alu|Mux4~9                                 ; 2       ;
; DATAPATH_PIPELINE:datapath_module|ALU:alu|ShiftLeft0~55                          ; 2       ;
; DATAPATH_PIPELINE:datapath_module|ALU:alu|ShiftLeft0~54                          ; 2       ;
; DATAPATH_PIPELINE:datapath_module|ALU:alu|ShiftLeft0~52                          ; 2       ;
; DATAPATH_PIPELINE:datapath_module|ALU:alu|ShiftLeft0~51                          ; 2       ;
; DATAPATH_PIPELINE:datapath_module|ALU:alu|ShiftLeft0~50                          ; 2       ;
; DATAPATH_PIPELINE:datapath_module|ALU:alu|ShiftLeft0~49                          ; 2       ;
; DATAPATH_PIPELINE:datapath_module|ALU:alu|ShiftLeft0~48                          ; 2       ;
; DATAPATH_PIPELINE:datapath_module|ALU:alu|ShiftLeft0~47                          ; 2       ;
; DATAPATH_PIPELINE:datapath_module|ALU:alu|ShiftLeft0~45                          ; 2       ;
; DATAPATH_PIPELINE:datapath_module|ALU:alu|ShiftLeft0~43                          ; 2       ;
; DATAPATH_PIPELINE:datapath_module|ALU:alu|Mux23~5                                ; 2       ;
; DATAPATH_PIPELINE:datapath_module|ALU:alu|ShiftRight0~70                         ; 2       ;
; DATAPATH_PIPELINE:datapath_module|ALU:alu|ShiftLeft0~42                          ; 2       ;
; DATAPATH_PIPELINE:datapath_module|ALU:alu|ShiftLeft0~41                          ; 2       ;
; DATAPATH_PIPELINE:datapath_module|ALU:alu|ShiftLeft0~40                          ; 2       ;
; DATAPATH_PIPELINE:datapath_module|ALU:alu|ShiftLeft0~39                          ; 2       ;
; DATAPATH_PIPELINE:datapath_module|ALU:alu|Mux22~5                                ; 2       ;
; DATAPATH_PIPELINE:datapath_module|ALU:alu|ShiftRight0~69                         ; 2       ;
; DATAPATH_PIPELINE:datapath_module|ALU:alu|ShiftRight0~68                         ; 2       ;
; DATAPATH_PIPELINE:datapath_module|ALU:alu|ShiftRight0~67                         ; 2       ;
; DATAPATH_PIPELINE:datapath_module|ALU:alu|ShiftRight0~66                         ; 2       ;
; DATAPATH_PIPELINE:datapath_module|ALU:alu|ShiftRight0~62                         ; 2       ;
; DATAPATH_PIPELINE:datapath_module|ALU:alu|ShiftRight0~61                         ; 2       ;
; DATAPATH_PIPELINE:datapath_module|ALU:alu|ShiftRight0~60                         ; 2       ;
; DATAPATH_PIPELINE:datapath_module|ALU:alu|ShiftLeft0~37                          ; 2       ;
; DATAPATH_PIPELINE:datapath_module|ALU:alu|ShiftLeft0~36                          ; 2       ;
; DATAPATH_PIPELINE:datapath_module|ALU:alu|ShiftLeft0~34                          ; 2       ;
; DATAPATH_PIPELINE:datapath_module|ALU:alu|Mux21~5                                ; 2       ;
; DATAPATH_PIPELINE:datapath_module|ALU:alu|ShiftRight0~59                         ; 2       ;
; DATAPATH_PIPELINE:datapath_module|ALU:alu|ShiftRight0~58                         ; 2       ;
; DATAPATH_PIPELINE:datapath_module|ALU:alu|ShiftRight0~57                         ; 2       ;
; DATAPATH_PIPELINE:datapath_module|ALU:alu|ShiftRight0~56                         ; 2       ;
; DATAPATH_PIPELINE:datapath_module|ALU:alu|ShiftRight0~55                         ; 2       ;
; DATAPATH_PIPELINE:datapath_module|ALU:alu|ShiftRight0~54                         ; 2       ;
; DATAPATH_PIPELINE:datapath_module|ALU:alu|ShiftRight0~53                         ; 2       ;
; DATAPATH_PIPELINE:datapath_module|ALU:alu|ShiftRight0~52                         ; 2       ;
; DATAPATH_PIPELINE:datapath_module|ALU:alu|ShiftRight0~51                         ; 2       ;
; DATAPATH_PIPELINE:datapath_module|ALU:alu|ShiftRight0~50                         ; 2       ;
; DATAPATH_PIPELINE:datapath_module|ALU:alu|ShiftRight0~49                         ; 2       ;
; DATAPATH_PIPELINE:datapath_module|ALU:alu|ShiftRight0~47                         ; 2       ;
; DATAPATH_PIPELINE:datapath_module|ALU:alu|ShiftLeft0~31                          ; 2       ;
; DATAPATH_PIPELINE:datapath_module|ALU:alu|ShiftLeft0~30                          ; 2       ;
; DATAPATH_PIPELINE:datapath_module|ALU:alu|ShiftLeft0~27                          ; 2       ;
; DATAPATH_PIPELINE:datapath_module|ALU:alu|ShiftLeft0~26                          ; 2       ;
; DATAPATH_PIPELINE:datapath_module|ALU:alu|Mux20~5                                ; 2       ;
; DATAPATH_PIPELINE:datapath_module|ALU:alu|ShiftRight0~46                         ; 2       ;
; DATAPATH_PIPELINE:datapath_module|ALU:alu|ShiftRight0~45                         ; 2       ;
; DATAPATH_PIPELINE:datapath_module|ALU:alu|ShiftRight0~44                         ; 2       ;
; DATAPATH_PIPELINE:datapath_module|ALU:alu|ShiftRight0~43                         ; 2       ;
; DATAPATH_PIPELINE:datapath_module|ALU:alu|ShiftRight0~42                         ; 2       ;
; DATAPATH_PIPELINE:datapath_module|ALU:alu|ShiftRight0~41                         ; 2       ;
; DATAPATH_PIPELINE:datapath_module|ALU:alu|ShiftRight0~40                         ; 2       ;
; DATAPATH_PIPELINE:datapath_module|ALU:alu|ShiftRight0~39                         ; 2       ;
; DATAPATH_PIPELINE:datapath_module|ALU:alu|ShiftRight0~37                         ; 2       ;
; DATAPATH_PIPELINE:datapath_module|ALU:alu|ShiftRight0~36                         ; 2       ;
; DATAPATH_PIPELINE:datapath_module|ALU:alu|ShiftRight0~35                         ; 2       ;
; DATAPATH_PIPELINE:datapath_module|ALU:alu|ShiftRight0~34                         ; 2       ;
; DATAPATH_PIPELINE:datapath_module|ALU:alu|ShiftRight0~33                         ; 2       ;
; DATAPATH_PIPELINE:datapath_module|ALU:alu|ShiftLeft0~22                          ; 2       ;
; DATAPATH_PIPELINE:datapath_module|ALU:alu|ShiftLeft0~19                          ; 2       ;
; DATAPATH_PIPELINE:datapath_module|ALU:alu|ShiftLeft0~18                          ; 2       ;
; DATAPATH_PIPELINE:datapath_module|ALU:alu|ShiftLeft0~17                          ; 2       ;
; DATAPATH_PIPELINE:datapath_module|ALU:alu|ShiftLeft0~16                          ; 2       ;
; DATAPATH_PIPELINE:datapath_module|ALU:alu|ShiftLeft0~15                          ; 2       ;
; DATAPATH_PIPELINE:datapath_module|ALU:alu|ShiftLeft0~12                          ; 2       ;
; DATAPATH_PIPELINE:datapath_module|ALU:alu|Mux31~5                                ; 2       ;
; DATAPATH_PIPELINE:datapath_module|ALU:alu|ShiftRight0~31                         ; 2       ;
; DATAPATH_PIPELINE:datapath_module|ALU:alu|ShiftRight0~30                         ; 2       ;
; DATAPATH_PIPELINE:datapath_module|ALU:alu|ShiftRight0~29                         ; 2       ;
; DATAPATH_PIPELINE:datapath_module|ALU:alu|ShiftRight0~28                         ; 2       ;
; DATAPATH_PIPELINE:datapath_module|ALU:alu|ShiftRight0~27                         ; 2       ;
; DATAPATH_PIPELINE:datapath_module|ALU:alu|ShiftRight0~26                         ; 2       ;
; DATAPATH_PIPELINE:datapath_module|ALU:alu|ShiftRight0~25                         ; 2       ;
; DATAPATH_PIPELINE:datapath_module|ALU:alu|ShiftRight0~24                         ; 2       ;
; DATAPATH_PIPELINE:datapath_module|ALU:alu|ShiftRight0~21                         ; 2       ;
; DATAPATH_PIPELINE:datapath_module|ALU:alu|ShiftRight0~20                         ; 2       ;
; DATAPATH_PIPELINE:datapath_module|ALU:alu|ShiftRight0~17                         ; 2       ;
; DATAPATH_PIPELINE:datapath_module|ALU:alu|ShiftRight0~15                         ; 2       ;
; DATAPATH_PIPELINE:datapath_module|ALU:alu|ShiftRight0~14                         ; 2       ;
; DATAPATH_PIPELINE:datapath_module|ALU:alu|ShiftRight0~13                         ; 2       ;
; DATAPATH_PIPELINE:datapath_module|ALU:alu|ShiftRight0~12                         ; 2       ;
; DATAPATH_PIPELINE:datapath_module|ALU:alu|ShiftRight0~11                         ; 2       ;
; DATAPATH_PIPELINE:datapath_module|ALU:alu|ShiftRight0~10                         ; 2       ;
; DATAPATH_PIPELINE:datapath_module|ALU:alu|ShiftRight0~9                          ; 2       ;
; DATAPATH_PIPELINE:datapath_module|ALU:alu|ShiftRight0~7                          ; 2       ;
; DATAPATH_PIPELINE:datapath_module|ALU:alu|ShiftRight0~6                          ; 2       ;
; DATAPATH_PIPELINE:datapath_module|ALU:alu|ShiftRight0~3                          ; 2       ;
; DATAPATH_PIPELINE:datapath_module|ID_EX_REG:id_ex_reg|ex_read_data2[1]           ; 2       ;
; DATAPATH_PIPELINE:datapath_module|ex_alu_input_b[6]~52                           ; 2       ;
; DATAPATH_PIPELINE:datapath_module|ex_alu_input_a[6]~52                           ; 2       ;
; DATAPATH_PIPELINE:datapath_module|ex_alu_input_b[7]~50                           ; 2       ;
; DATAPATH_PIPELINE:datapath_module|ex_alu_input_a[7]~50                           ; 2       ;
; DATAPATH_PIPELINE:datapath_module|ex_alu_input_b[8]~48                           ; 2       ;
; DATAPATH_PIPELINE:datapath_module|ex_alu_input_b[9]~46                           ; 2       ;
; DATAPATH_PIPELINE:datapath_module|ex_alu_input_b[10]~44                          ; 2       ;
; DATAPATH_PIPELINE:datapath_module|ex_alu_input_b[11]~42                          ; 2       ;
; DATAPATH_PIPELINE:datapath_module|ex_alu_input_a[12]~40                          ; 2       ;
; DATAPATH_PIPELINE:datapath_module|ex_alu_input_a[13]~38                          ; 2       ;
; DATAPATH_PIPELINE:datapath_module|ex_alu_input_a[14]~36                          ; 2       ;
; DATAPATH_PIPELINE:datapath_module|ex_alu_input_a[15]~34                          ; 2       ;
; DATAPATH_PIPELINE:datapath_module|ex_alu_input_a[16]~32                          ; 2       ;
; DATAPATH_PIPELINE:datapath_module|ex_alu_input_a[17]~30                          ; 2       ;
; DATAPATH_PIPELINE:datapath_module|ex_alu_input_a[18]~28                          ; 2       ;
; DATAPATH_PIPELINE:datapath_module|ex_alu_input_a[19]~26                          ; 2       ;
; DATAPATH_PIPELINE:datapath_module|ex_alu_input_a[20]~24                          ; 2       ;
; DATAPATH_PIPELINE:datapath_module|ex_alu_input_a[21]~22                          ; 2       ;
; DATAPATH_PIPELINE:datapath_module|ex_alu_input_a[22]~20                          ; 2       ;
; DATAPATH_PIPELINE:datapath_module|ex_alu_input_a[23]~18                          ; 2       ;
; DATAPATH_PIPELINE:datapath_module|ex_alu_input_a[30]~4                           ; 2       ;
; DATAPATH_PIPELINE:datapath_module|ex_alu_input_a[31]~2                           ; 2       ;
; DATAPATH_PIPELINE:datapath_module|FORWARDING_UNIT:forwarding_unit|always0~4      ; 2       ;
; DATAPATH_PIPELINE:datapath_module|FORWARDING_UNIT:forwarding_unit|always0~3      ; 2       ;
; DATAPATH_PIPELINE:datapath_module|FORWARDING_UNIT:forwarding_unit|always0~2      ; 2       ;
; DATAPATH_PIPELINE:datapath_module|FORWARDING_UNIT:forwarding_unit|always0~1      ; 2       ;
; DATAPATH_PIPELINE:datapath_module|FORWARDING_UNIT:forwarding_unit|forward_b[0]~1 ; 2       ;
; DATAPATH_PIPELINE:datapath_module|ID_EX_REG:id_ex_reg|ex_rs1[4]                  ; 2       ;
; DATAPATH_PIPELINE:datapath_module|ID_EX_REG:id_ex_reg|ex_rs1[3]                  ; 2       ;
; DATAPATH_PIPELINE:datapath_module|FORWARDING_UNIT:forwarding_unit|forward_b[0]~0 ; 2       ;
; DATAPATH_PIPELINE:datapath_module|ID_EX_REG:id_ex_reg|ex_rs1[2]                  ; 2       ;
; DATAPATH_PIPELINE:datapath_module|ID_EX_REG:id_ex_reg|ex_rs1[1]                  ; 2       ;
; DATAPATH_PIPELINE:datapath_module|FORWARDING_UNIT:forwarding_unit|always0~0      ; 2       ;
; IFU_PIPELINE:ifu_module|if_pc[31]                                                ; 2       ;
; IFU_PIPELINE:ifu_module|if_pc[30]                                                ; 2       ;
; IFU_PIPELINE:ifu_module|if_pc[29]                                                ; 2       ;
; IFU_PIPELINE:ifu_module|if_pc[28]                                                ; 2       ;
; IFU_PIPELINE:ifu_module|if_pc[27]                                                ; 2       ;
; IFU_PIPELINE:ifu_module|if_pc[26]                                                ; 2       ;
; IFU_PIPELINE:ifu_module|if_pc[25]                                                ; 2       ;
; IFU_PIPELINE:ifu_module|if_pc[24]                                                ; 2       ;
; IFU_PIPELINE:ifu_module|if_pc[23]                                                ; 2       ;
; IFU_PIPELINE:ifu_module|if_pc[22]                                                ; 2       ;
; IFU_PIPELINE:ifu_module|if_pc[21]                                                ; 2       ;
; IFU_PIPELINE:ifu_module|if_pc[20]                                                ; 2       ;
; IFU_PIPELINE:ifu_module|if_pc[19]                                                ; 2       ;
; IFU_PIPELINE:ifu_module|if_pc[18]                                                ; 2       ;
; IFU_PIPELINE:ifu_module|if_pc[17]                                                ; 2       ;
; IFU_PIPELINE:ifu_module|if_pc[16]                                                ; 2       ;
; IFU_PIPELINE:ifu_module|if_pc[15]                                                ; 2       ;
; IFU_PIPELINE:ifu_module|if_pc[14]                                                ; 2       ;
; IFU_PIPELINE:ifu_module|if_pc[13]                                                ; 2       ;
; IFU_PIPELINE:ifu_module|if_pc[12]                                                ; 2       ;
; IFU_PIPELINE:ifu_module|if_pc[11]                                                ; 2       ;
; IFU_PIPELINE:ifu_module|if_pc[10]                                                ; 2       ;
; IFU_PIPELINE:ifu_module|if_pc[9]                                                 ; 2       ;
; IFU_PIPELINE:ifu_module|if_pc[8]                                                 ; 2       ;
; IFU_PIPELINE:ifu_module|if_pc[7]                                                 ; 2       ;
; IFU_PIPELINE:ifu_module|if_pc[6]                                                 ; 2       ;
; IFU_PIPELINE:ifu_module|if_pc[5]                                                 ; 2       ;
; IFU_PIPELINE:ifu_module|if_pc[2]~87                                              ; 1       ;
; DATAPATH_PIPELINE:datapath_module|REG_FILE:reg_file|reg_memory[23][1]~48         ; 1       ;
; DATAPATH_PIPELINE:datapath_module|REG_FILE:reg_file|reg_memory[15][1]~47         ; 1       ;
; DATAPATH_PIPELINE:datapath_module|REG_FILE:reg_file|reg_memory[25][1]~46         ; 1       ;
; DATAPATH_PIPELINE:datapath_module|REG_FILE:reg_file|reg_memory[9][1]~45          ; 1       ;
; DATAPATH_PIPELINE:datapath_module|REG_FILE:reg_file|reg_memory[13][1]~44         ; 1       ;
; DATAPATH_PIPELINE:datapath_module|REG_FILE:reg_file|reg_memory[21][1]~43         ; 1       ;
; DATAPATH_PIPELINE:datapath_module|REG_FILE:reg_file|reg_memory[19][1]~42         ; 1       ;
; DATAPATH_PIPELINE:datapath_module|REG_FILE:reg_file|reg_memory[26][1]~41         ; 1       ;
; DATAPATH_PIPELINE:datapath_module|REG_FILE:reg_file|reg_memory[22][1]~40         ; 1       ;
; DATAPATH_PIPELINE:datapath_module|REG_FILE:reg_file|reg_memory[23][2]~39         ; 1       ;
; DATAPATH_PIPELINE:datapath_module|REG_FILE:reg_file|reg_memory[21][2]~38         ; 1       ;
; DATAPATH_PIPELINE:datapath_module|REG_FILE:reg_file|reg_memory[13][2]~37         ; 1       ;
; DATAPATH_PIPELINE:datapath_module|REG_FILE:reg_file|reg_memory[27][2]~36         ; 1       ;
; DATAPATH_PIPELINE:datapath_module|REG_FILE:reg_file|reg_memory[26][2]~35         ; 1       ;
; DATAPATH_PIPELINE:datapath_module|REG_FILE:reg_file|reg_memory[14][2]~34         ; 1       ;
; DATAPATH_PIPELINE:datapath_module|REG_FILE:reg_file|reg_memory[8][2]~33          ; 1       ;
; DATAPATH_PIPELINE:datapath_module|REG_FILE:reg_file|reg_memory[20][2]~32         ; 1       ;
; DATAPATH_PIPELINE:datapath_module|REG_FILE:reg_file|reg_memory[15][3]~31         ; 1       ;
; DATAPATH_PIPELINE:datapath_module|REG_FILE:reg_file|reg_memory[13][3]~30         ; 1       ;
; DATAPATH_PIPELINE:datapath_module|REG_FILE:reg_file|reg_memory[26][3]~29         ; 1       ;
; DATAPATH_PIPELINE:datapath_module|REG_FILE:reg_file|reg_memory[22][3]~28         ; 1       ;
; DATAPATH_PIPELINE:datapath_module|REG_FILE:reg_file|reg_memory[18][3]~27         ; 1       ;
; DATAPATH_PIPELINE:datapath_module|REG_FILE:reg_file|reg_memory[13][4]~26         ; 1       ;
; DATAPATH_PIPELINE:datapath_module|REG_FILE:reg_file|reg_memory[24][4]~25         ; 1       ;
; DATAPATH_PIPELINE:datapath_module|REG_FILE:reg_file|reg_memory[26][4]~24         ; 1       ;
; DATAPATH_PIPELINE:datapath_module|REG_FILE:reg_file|reg_memory[14][4]~23         ; 1       ;
; DATAPATH_PIPELINE:datapath_module|REG_FILE:reg_file|reg_memory[15][5]~22         ; 1       ;
; DATAPATH_PIPELINE:datapath_module|REG_FILE:reg_file|reg_memory[13][5]~21         ; 1       ;
; DATAPATH_PIPELINE:datapath_module|REG_FILE:reg_file|reg_memory[26][5]~20         ; 1       ;
; DATAPATH_PIPELINE:datapath_module|REG_FILE:reg_file|reg_memory[13][6]~19         ; 1       ;
; DATAPATH_PIPELINE:datapath_module|REG_FILE:reg_file|reg_memory[26][6]~18         ; 1       ;
; DATAPATH_PIPELINE:datapath_module|REG_FILE:reg_file|reg_memory[14][6]~17         ; 1       ;
; DATAPATH_PIPELINE:datapath_module|REG_FILE:reg_file|reg_memory[15][7]~16         ; 1       ;
; DATAPATH_PIPELINE:datapath_module|REG_FILE:reg_file|reg_memory[13][7]~15         ; 1       ;
; DATAPATH_PIPELINE:datapath_module|REG_FILE:reg_file|reg_memory[26][7]~14         ; 1       ;
; DATAPATH_PIPELINE:datapath_module|REG_FILE:reg_file|reg_memory[12][8]~13         ; 1       ;
; DATAPATH_PIPELINE:datapath_module|REG_FILE:reg_file|reg_memory[12][9]~12         ; 1       ;
; DATAPATH_PIPELINE:datapath_module|REG_FILE:reg_file|reg_memory[12][10]~11        ; 1       ;
; DATAPATH_PIPELINE:datapath_module|REG_FILE:reg_file|reg_memory[12][11]~10        ; 1       ;
; DATAPATH_PIPELINE:datapath_module|REG_FILE:reg_file|reg_memory[12][12]~9         ; 1       ;
; DATAPATH_PIPELINE:datapath_module|REG_FILE:reg_file|reg_memory[12][13]~8         ; 1       ;
; DATAPATH_PIPELINE:datapath_module|REG_FILE:reg_file|reg_memory[12][14]~7         ; 1       ;
; DATAPATH_PIPELINE:datapath_module|REG_FILE:reg_file|reg_memory[12][15]~6         ; 1       ;
; DATAPATH_PIPELINE:datapath_module|REG_FILE:reg_file|reg_memory[26][0]~5          ; 1       ;
; DATAPATH_PIPELINE:datapath_module|REG_FILE:reg_file|reg_memory[14][0]~4          ; 1       ;
; DATAPATH_PIPELINE:datapath_module|REG_FILE:reg_file|reg_memory[8][0]~3           ; 1       ;
; DATAPATH_PIPELINE:datapath_module|REG_FILE:reg_file|reg_memory[23][0]~2          ; 1       ;
; DATAPATH_PIPELINE:datapath_module|REG_FILE:reg_file|reg_memory[9][0]~1           ; 1       ;
; DATAPATH_PIPELINE:datapath_module|REG_FILE:reg_file|reg_memory[13][0]~0          ; 1       ;
; DATAPATH_PIPELINE:datapath_module|ALU:alu|alu_result~186                         ; 1       ;
; DATAPATH_PIPELINE:datapath_module|ALU:alu|alu_result~185                         ; 1       ;
; DATAPATH_PIPELINE:datapath_module|ALU:alu|alu_result~184                         ; 1       ;
; DATAPATH_PIPELINE:datapath_module|ALU:alu|alu_result~183                         ; 1       ;
; DATAPATH_PIPELINE:datapath_module|ALU:alu|alu_result~182                         ; 1       ;
; DATAPATH_PIPELINE:datapath_module|ALU:alu|alu_result~181                         ; 1       ;
; DATAPATH_PIPELINE:datapath_module|ALU:alu|alu_result~180                         ; 1       ;
; DATAPATH_PIPELINE:datapath_module|ALU:alu|alu_result~179                         ; 1       ;
; DATAPATH_PIPELINE:datapath_module|ALU:alu|alu_result~178                         ; 1       ;
; DATAPATH_PIPELINE:datapath_module|ALU:alu|alu_result~177                         ; 1       ;
; DATAPATH_PIPELINE:datapath_module|ALU:alu|alu_result~176                         ; 1       ;
; DATAPATH_PIPELINE:datapath_module|ALU:alu|alu_result~175                         ; 1       ;
; DATAPATH_PIPELINE:datapath_module|ALU:alu|alu_result~174                         ; 1       ;
; DATAPATH_PIPELINE:datapath_module|ALU:alu|alu_result~173                         ; 1       ;
; DATAPATH_PIPELINE:datapath_module|ALU:alu|alu_result~172                         ; 1       ;
; DATAPATH_PIPELINE:datapath_module|ALU:alu|ShiftLeft0~118                         ; 1       ;
; DATAPATH_PIPELINE:datapath_module|ALU:alu|alu_result~171                         ; 1       ;
; DATAPATH_PIPELINE:datapath_module|ALU:alu|alu_result~170                         ; 1       ;
; DATAPATH_PIPELINE:datapath_module|ALU:alu|alu_result~169                         ; 1       ;
; DATAPATH_PIPELINE:datapath_module|ALU:alu|alu_result~168                         ; 1       ;
; DATAPATH_PIPELINE:datapath_module|ALU:alu|alu_result~167                         ; 1       ;
; DATAPATH_PIPELINE:datapath_module|ALU:alu|alu_result~166                         ; 1       ;
; DATAPATH_PIPELINE:datapath_module|ALU:alu|alu_result~165                         ; 1       ;
; DATAPATH_PIPELINE:datapath_module|ALU:alu|alu_result~164                         ; 1       ;
; DATAPATH_PIPELINE:datapath_module|ALU:alu|alu_result~163                         ; 1       ;
; DATAPATH_PIPELINE:datapath_module|ALU:alu|alu_result~162                         ; 1       ;
; DATAPATH_PIPELINE:datapath_module|ALU:alu|alu_result~161                         ; 1       ;
; DATAPATH_PIPELINE:datapath_module|ALU:alu|alu_result~160                         ; 1       ;
; DATAPATH_PIPELINE:datapath_module|ALU:alu|alu_result~159                         ; 1       ;
; DATAPATH_PIPELINE:datapath_module|ALU:alu|alu_result~158                         ; 1       ;
; DATAPATH_PIPELINE:datapath_module|ALU:alu|alu_result~157                         ; 1       ;
; DATAPATH_PIPELINE:datapath_module|ALU:alu|alu_result~156                         ; 1       ;
; DATAPATH_PIPELINE:datapath_module|ALU:alu|alu_result~155                         ; 1       ;
; DATAPATH_PIPELINE:datapath_module|ALU:alu|alu_result~154                         ; 1       ;
; IFU_PIPELINE:ifu_module|INST_MEM:instr_mem|WideOr9                               ; 1       ;
; IFU_PIPELINE:ifu_module|INST_MEM:instr_mem|WideNor0~0                            ; 1       ;
; IFU_PIPELINE:ifu_module|INST_MEM:instr_mem|WideOr6                               ; 1       ;
; IFU_PIPELINE:ifu_module|INST_MEM:instr_mem|WideOr8                               ; 1       ;
; IFU_PIPELINE:ifu_module|INST_MEM:instr_mem|Instruction_Code~0                    ; 1       ;
; IFU_PIPELINE:ifu_module|INST_MEM:instr_mem|WideOr0~0                             ; 1       ;
; IFU_PIPELINE:ifu_module|INST_MEM:instr_mem|Equal2~0                              ; 1       ;
; IFU_PIPELINE:ifu_module|INST_MEM:instr_mem|Equal1~0                              ; 1       ;
; IFU_PIPELINE:ifu_module|INST_MEM:instr_mem|WideOr5                               ; 1       ;
; IFU_PIPELINE:ifu_module|INST_MEM:instr_mem|WideOr4                               ; 1       ;
; IFU_PIPELINE:ifu_module|INST_MEM:instr_mem|WideOr0                               ; 1       ;
; IFU_PIPELINE:ifu_module|INST_MEM:instr_mem|WideOr1~0                             ; 1       ;
; IFU_PIPELINE:ifu_module|INST_MEM:instr_mem|WideOr2                               ; 1       ;
; IFU_PIPELINE:ifu_module|INST_MEM:instr_mem|WideOr3~0                             ; 1       ;
; IFU_PIPELINE:ifu_module|INST_MEM:instr_mem|Equal0~7                              ; 1       ;
; IFU_PIPELINE:ifu_module|INST_MEM:instr_mem|Equal0~6                              ; 1       ;
; IFU_PIPELINE:ifu_module|INST_MEM:instr_mem|Equal0~5                              ; 1       ;
; IFU_PIPELINE:ifu_module|INST_MEM:instr_mem|Equal0~4                              ; 1       ;
; IFU_PIPELINE:ifu_module|INST_MEM:instr_mem|Equal0~3                              ; 1       ;
; IFU_PIPELINE:ifu_module|INST_MEM:instr_mem|Equal0~2                              ; 1       ;
; IFU_PIPELINE:ifu_module|INST_MEM:instr_mem|Equal0~1                              ; 1       ;
; IFU_PIPELINE:ifu_module|INST_MEM:instr_mem|Equal0~0                              ; 1       ;
; DATAPATH_PIPELINE:datapath_module|CONTROL:control_unit|alu_control[0]~2          ; 1       ;
; DATAPATH_PIPELINE:datapath_module|REG_FILE:reg_file|read_data2[1]~351            ; 1       ;
; DATAPATH_PIPELINE:datapath_module|REG_FILE:reg_file|read_data2[1]~350            ; 1       ;
; DATAPATH_PIPELINE:datapath_module|REG_FILE:reg_file|read_data2[1]~349            ; 1       ;
; DATAPATH_PIPELINE:datapath_module|REG_FILE:reg_file|reg_memory[31][1]            ; 1       ;
; DATAPATH_PIPELINE:datapath_module|REG_FILE:reg_file|read_data2[1]~348            ; 1       ;
; DATAPATH_PIPELINE:datapath_module|REG_FILE:reg_file|reg_memory[7][1]             ; 1       ;
; DATAPATH_PIPELINE:datapath_module|REG_FILE:reg_file|reg_memory[23][1]            ; 1       ;
; DATAPATH_PIPELINE:datapath_module|REG_FILE:reg_file|reg_memory[15][1]            ; 1       ;
; DATAPATH_PIPELINE:datapath_module|REG_FILE:reg_file|read_data2[1]~347            ; 1       ;
; DATAPATH_PIPELINE:datapath_module|REG_FILE:reg_file|read_data2[1]~346            ; 1       ;
; DATAPATH_PIPELINE:datapath_module|REG_FILE:reg_file|reg_memory[25][1]            ; 1       ;
; DATAPATH_PIPELINE:datapath_module|REG_FILE:reg_file|read_data2[1]~345            ; 1       ;
; DATAPATH_PIPELINE:datapath_module|REG_FILE:reg_file|reg_memory[1][1]             ; 1       ;
; DATAPATH_PIPELINE:datapath_module|REG_FILE:reg_file|reg_memory[9][1]             ; 1       ;
; DATAPATH_PIPELINE:datapath_module|REG_FILE:reg_file|reg_memory[17][1]            ; 1       ;
; DATAPATH_PIPELINE:datapath_module|REG_FILE:reg_file|read_data2[1]~344            ; 1       ;
; DATAPATH_PIPELINE:datapath_module|REG_FILE:reg_file|reg_memory[29][1]            ; 1       ;
; DATAPATH_PIPELINE:datapath_module|REG_FILE:reg_file|read_data2[1]~343            ; 1       ;
; DATAPATH_PIPELINE:datapath_module|REG_FILE:reg_file|reg_memory[5][1]             ; 1       ;
; DATAPATH_PIPELINE:datapath_module|REG_FILE:reg_file|reg_memory[13][1]            ; 1       ;
; DATAPATH_PIPELINE:datapath_module|REG_FILE:reg_file|reg_memory[21][1]            ; 1       ;
; DATAPATH_PIPELINE:datapath_module|REG_FILE:reg_file|read_data2[1]~342            ; 1       ;
; DATAPATH_PIPELINE:datapath_module|REG_FILE:reg_file|reg_memory[27][1]            ; 1       ;
; DATAPATH_PIPELINE:datapath_module|REG_FILE:reg_file|read_data2[1]~341            ; 1       ;
; DATAPATH_PIPELINE:datapath_module|REG_FILE:reg_file|reg_memory[3][1]             ; 1       ;
; DATAPATH_PIPELINE:datapath_module|REG_FILE:reg_file|reg_memory[19][1]            ; 1       ;
; DATAPATH_PIPELINE:datapath_module|REG_FILE:reg_file|reg_memory[11][1]            ; 1       ;
; DATAPATH_PIPELINE:datapath_module|REG_FILE:reg_file|read_data1[1]~31             ; 1       ;
; DATAPATH_PIPELINE:datapath_module|REG_FILE:reg_file|Mux30~8                      ; 1       ;
; DATAPATH_PIPELINE:datapath_module|REG_FILE:reg_file|reg_memory[30][1]            ; 1       ;
; DATAPATH_PIPELINE:datapath_module|REG_FILE:reg_file|Mux30~7                      ; 1       ;
; DATAPATH_PIPELINE:datapath_module|REG_FILE:reg_file|reg_memory[24][1]            ; 1       ;
; DATAPATH_PIPELINE:datapath_module|REG_FILE:reg_file|reg_memory[26][1]            ; 1       ;
; DATAPATH_PIPELINE:datapath_module|REG_FILE:reg_file|reg_memory[28][1]            ; 1       ;
; DATAPATH_PIPELINE:datapath_module|REG_FILE:reg_file|Mux30~6                      ; 1       ;
; DATAPATH_PIPELINE:datapath_module|REG_FILE:reg_file|Mux30~5                      ; 1       ;
; DATAPATH_PIPELINE:datapath_module|REG_FILE:reg_file|reg_memory[4][1]             ; 1       ;
; DATAPATH_PIPELINE:datapath_module|REG_FILE:reg_file|Mux30~4                      ; 1       ;
; DATAPATH_PIPELINE:datapath_module|REG_FILE:reg_file|reg_memory[2][1]             ; 1       ;
; DATAPATH_PIPELINE:datapath_module|REG_FILE:reg_file|reg_memory[6][1]             ; 1       ;
; DATAPATH_PIPELINE:datapath_module|REG_FILE:reg_file|Mux30~3                      ; 1       ;
; DATAPATH_PIPELINE:datapath_module|REG_FILE:reg_file|reg_memory[22][1]            ; 1       ;
; DATAPATH_PIPELINE:datapath_module|REG_FILE:reg_file|Mux30~2                      ; 1       ;
; DATAPATH_PIPELINE:datapath_module|REG_FILE:reg_file|reg_memory[16][1]            ; 1       ;
; DATAPATH_PIPELINE:datapath_module|REG_FILE:reg_file|reg_memory[20][1]            ; 1       ;
; DATAPATH_PIPELINE:datapath_module|REG_FILE:reg_file|reg_memory[18][1]            ; 1       ;
; DATAPATH_PIPELINE:datapath_module|REG_FILE:reg_file|Mux30~1                      ; 1       ;
; DATAPATH_PIPELINE:datapath_module|REG_FILE:reg_file|reg_memory[14][1]            ; 1       ;
; DATAPATH_PIPELINE:datapath_module|REG_FILE:reg_file|Mux30~0                      ; 1       ;
; DATAPATH_PIPELINE:datapath_module|REG_FILE:reg_file|reg_memory[8][1]             ; 1       ;
; DATAPATH_PIPELINE:datapath_module|REG_FILE:reg_file|reg_memory[10][1]            ; 1       ;
; DATAPATH_PIPELINE:datapath_module|REG_FILE:reg_file|reg_memory[12][1]            ; 1       ;
; DATAPATH_PIPELINE:datapath_module|REG_FILE:reg_file|read_data2[2]~340            ; 1       ;
; DATAPATH_PIPELINE:datapath_module|REG_FILE:reg_file|read_data2[2]~339            ; 1       ;
; DATAPATH_PIPELINE:datapath_module|REG_FILE:reg_file|read_data2[2]~338            ; 1       ;
; DATAPATH_PIPELINE:datapath_module|REG_FILE:reg_file|reg_memory[31][2]            ; 1       ;
; DATAPATH_PIPELINE:datapath_module|REG_FILE:reg_file|read_data2[2]~337            ; 1       ;
; DATAPATH_PIPELINE:datapath_module|REG_FILE:reg_file|reg_memory[7][2]             ; 1       ;
; DATAPATH_PIPELINE:datapath_module|REG_FILE:reg_file|reg_memory[15][2]            ; 1       ;
; DATAPATH_PIPELINE:datapath_module|REG_FILE:reg_file|reg_memory[23][2]            ; 1       ;
; DATAPATH_PIPELINE:datapath_module|REG_FILE:reg_file|read_data2[2]~336            ; 1       ;
; DATAPATH_PIPELINE:datapath_module|REG_FILE:reg_file|read_data2[2]~335            ; 1       ;
; DATAPATH_PIPELINE:datapath_module|REG_FILE:reg_file|reg_memory[25][2]            ; 1       ;
; DATAPATH_PIPELINE:datapath_module|REG_FILE:reg_file|read_data2[2]~334            ; 1       ;
; DATAPATH_PIPELINE:datapath_module|REG_FILE:reg_file|reg_memory[1][2]             ; 1       ;
; DATAPATH_PIPELINE:datapath_module|REG_FILE:reg_file|reg_memory[17][2]            ; 1       ;
; DATAPATH_PIPELINE:datapath_module|REG_FILE:reg_file|reg_memory[9][2]             ; 1       ;
; DATAPATH_PIPELINE:datapath_module|REG_FILE:reg_file|read_data2[2]~333            ; 1       ;
; DATAPATH_PIPELINE:datapath_module|REG_FILE:reg_file|reg_memory[29][2]            ; 1       ;
; DATAPATH_PIPELINE:datapath_module|REG_FILE:reg_file|read_data2[2]~332            ; 1       ;
; DATAPATH_PIPELINE:datapath_module|REG_FILE:reg_file|reg_memory[5][2]             ; 1       ;
; DATAPATH_PIPELINE:datapath_module|REG_FILE:reg_file|reg_memory[21][2]            ; 1       ;
; DATAPATH_PIPELINE:datapath_module|REG_FILE:reg_file|reg_memory[13][2]            ; 1       ;
; DATAPATH_PIPELINE:datapath_module|REG_FILE:reg_file|read_data2[2]~331            ; 1       ;
; DATAPATH_PIPELINE:datapath_module|REG_FILE:reg_file|reg_memory[27][2]            ; 1       ;
; DATAPATH_PIPELINE:datapath_module|REG_FILE:reg_file|read_data2[2]~330            ; 1       ;
; DATAPATH_PIPELINE:datapath_module|REG_FILE:reg_file|reg_memory[3][2]             ; 1       ;
; DATAPATH_PIPELINE:datapath_module|REG_FILE:reg_file|reg_memory[11][2]            ; 1       ;
; DATAPATH_PIPELINE:datapath_module|REG_FILE:reg_file|reg_memory[19][2]            ; 1       ;
; DATAPATH_PIPELINE:datapath_module|REG_FILE:reg_file|read_data1[2]~30             ; 1       ;
; DATAPATH_PIPELINE:datapath_module|REG_FILE:reg_file|Mux29~8                      ; 1       ;
; DATAPATH_PIPELINE:datapath_module|REG_FILE:reg_file|reg_memory[30][2]            ; 1       ;
; DATAPATH_PIPELINE:datapath_module|REG_FILE:reg_file|Mux29~7                      ; 1       ;
; DATAPATH_PIPELINE:datapath_module|REG_FILE:reg_file|reg_memory[24][2]            ; 1       ;
; DATAPATH_PIPELINE:datapath_module|REG_FILE:reg_file|reg_memory[26][2]            ; 1       ;
; DATAPATH_PIPELINE:datapath_module|REG_FILE:reg_file|reg_memory[28][2]            ; 1       ;
; DATAPATH_PIPELINE:datapath_module|REG_FILE:reg_file|Mux29~6                      ; 1       ;
; DATAPATH_PIPELINE:datapath_module|REG_FILE:reg_file|Mux29~5                      ; 1       ;
; DATAPATH_PIPELINE:datapath_module|REG_FILE:reg_file|reg_memory[4][2]             ; 1       ;
; DATAPATH_PIPELINE:datapath_module|REG_FILE:reg_file|Mux29~4                      ; 1       ;
; DATAPATH_PIPELINE:datapath_module|REG_FILE:reg_file|reg_memory[2][2]             ; 1       ;
; DATAPATH_PIPELINE:datapath_module|REG_FILE:reg_file|reg_memory[6][2]             ; 1       ;
; DATAPATH_PIPELINE:datapath_module|REG_FILE:reg_file|Mux29~3                      ; 1       ;
; DATAPATH_PIPELINE:datapath_module|REG_FILE:reg_file|reg_memory[14][2]            ; 1       ;
; DATAPATH_PIPELINE:datapath_module|REG_FILE:reg_file|Mux29~2                      ; 1       ;
; DATAPATH_PIPELINE:datapath_module|REG_FILE:reg_file|reg_memory[8][2]             ; 1       ;
; DATAPATH_PIPELINE:datapath_module|REG_FILE:reg_file|reg_memory[10][2]            ; 1       ;
; DATAPATH_PIPELINE:datapath_module|REG_FILE:reg_file|reg_memory[12][2]            ; 1       ;
; DATAPATH_PIPELINE:datapath_module|REG_FILE:reg_file|Mux29~1                      ; 1       ;
; DATAPATH_PIPELINE:datapath_module|REG_FILE:reg_file|reg_memory[22][2]            ; 1       ;
; DATAPATH_PIPELINE:datapath_module|REG_FILE:reg_file|Mux29~0                      ; 1       ;
; DATAPATH_PIPELINE:datapath_module|REG_FILE:reg_file|reg_memory[16][2]            ; 1       ;
; DATAPATH_PIPELINE:datapath_module|REG_FILE:reg_file|reg_memory[20][2]            ; 1       ;
; DATAPATH_PIPELINE:datapath_module|REG_FILE:reg_file|reg_memory[18][2]            ; 1       ;
; DATAPATH_PIPELINE:datapath_module|REG_FILE:reg_file|read_data2[3]~329            ; 1       ;
; DATAPATH_PIPELINE:datapath_module|REG_FILE:reg_file|read_data2[3]~328            ; 1       ;
; DATAPATH_PIPELINE:datapath_module|REG_FILE:reg_file|read_data2[3]~327            ; 1       ;
; DATAPATH_PIPELINE:datapath_module|REG_FILE:reg_file|reg_memory[31][3]            ; 1       ;
; DATAPATH_PIPELINE:datapath_module|REG_FILE:reg_file|read_data2[3]~326            ; 1       ;
; DATAPATH_PIPELINE:datapath_module|REG_FILE:reg_file|reg_memory[7][3]             ; 1       ;
; DATAPATH_PIPELINE:datapath_module|REG_FILE:reg_file|reg_memory[23][3]            ; 1       ;
; DATAPATH_PIPELINE:datapath_module|REG_FILE:reg_file|reg_memory[15][3]            ; 1       ;
; DATAPATH_PIPELINE:datapath_module|REG_FILE:reg_file|read_data2[3]~325            ; 1       ;
; DATAPATH_PIPELINE:datapath_module|REG_FILE:reg_file|read_data2[3]~324            ; 1       ;
; DATAPATH_PIPELINE:datapath_module|REG_FILE:reg_file|reg_memory[25][3]            ; 1       ;
; DATAPATH_PIPELINE:datapath_module|REG_FILE:reg_file|read_data2[3]~323            ; 1       ;
; DATAPATH_PIPELINE:datapath_module|REG_FILE:reg_file|reg_memory[1][3]             ; 1       ;
; DATAPATH_PIPELINE:datapath_module|REG_FILE:reg_file|reg_memory[9][3]             ; 1       ;
; DATAPATH_PIPELINE:datapath_module|REG_FILE:reg_file|reg_memory[17][3]            ; 1       ;
; DATAPATH_PIPELINE:datapath_module|REG_FILE:reg_file|read_data2[3]~322            ; 1       ;
; DATAPATH_PIPELINE:datapath_module|REG_FILE:reg_file|reg_memory[29][3]            ; 1       ;
; DATAPATH_PIPELINE:datapath_module|REG_FILE:reg_file|read_data2[3]~321            ; 1       ;
; DATAPATH_PIPELINE:datapath_module|REG_FILE:reg_file|reg_memory[5][3]             ; 1       ;
; DATAPATH_PIPELINE:datapath_module|REG_FILE:reg_file|reg_memory[13][3]            ; 1       ;
; DATAPATH_PIPELINE:datapath_module|REG_FILE:reg_file|reg_memory[21][3]            ; 1       ;
; DATAPATH_PIPELINE:datapath_module|REG_FILE:reg_file|read_data2[3]~320            ; 1       ;
; DATAPATH_PIPELINE:datapath_module|REG_FILE:reg_file|reg_memory[27][3]            ; 1       ;
; DATAPATH_PIPELINE:datapath_module|REG_FILE:reg_file|read_data2[3]~319            ; 1       ;
; DATAPATH_PIPELINE:datapath_module|REG_FILE:reg_file|reg_memory[3][3]             ; 1       ;
; DATAPATH_PIPELINE:datapath_module|REG_FILE:reg_file|reg_memory[19][3]            ; 1       ;
; DATAPATH_PIPELINE:datapath_module|REG_FILE:reg_file|reg_memory[11][3]            ; 1       ;
; DATAPATH_PIPELINE:datapath_module|REG_FILE:reg_file|read_data1[3]~29             ; 1       ;
; DATAPATH_PIPELINE:datapath_module|REG_FILE:reg_file|Mux28~8                      ; 1       ;
; DATAPATH_PIPELINE:datapath_module|REG_FILE:reg_file|reg_memory[30][3]            ; 1       ;
; DATAPATH_PIPELINE:datapath_module|REG_FILE:reg_file|Mux28~7                      ; 1       ;
; DATAPATH_PIPELINE:datapath_module|REG_FILE:reg_file|reg_memory[24][3]            ; 1       ;
; DATAPATH_PIPELINE:datapath_module|REG_FILE:reg_file|reg_memory[26][3]            ; 1       ;
; DATAPATH_PIPELINE:datapath_module|REG_FILE:reg_file|reg_memory[28][3]            ; 1       ;
; DATAPATH_PIPELINE:datapath_module|REG_FILE:reg_file|Mux28~6                      ; 1       ;
; DATAPATH_PIPELINE:datapath_module|REG_FILE:reg_file|Mux28~5                      ; 1       ;
; DATAPATH_PIPELINE:datapath_module|REG_FILE:reg_file|reg_memory[4][3]             ; 1       ;
; DATAPATH_PIPELINE:datapath_module|REG_FILE:reg_file|Mux28~4                      ; 1       ;
; DATAPATH_PIPELINE:datapath_module|REG_FILE:reg_file|reg_memory[2][3]             ; 1       ;
; DATAPATH_PIPELINE:datapath_module|REG_FILE:reg_file|reg_memory[6][3]             ; 1       ;
; DATAPATH_PIPELINE:datapath_module|REG_FILE:reg_file|Mux28~3                      ; 1       ;
; DATAPATH_PIPELINE:datapath_module|REG_FILE:reg_file|reg_memory[22][3]            ; 1       ;
; DATAPATH_PIPELINE:datapath_module|REG_FILE:reg_file|Mux28~2                      ; 1       ;
; DATAPATH_PIPELINE:datapath_module|REG_FILE:reg_file|reg_memory[16][3]            ; 1       ;
; DATAPATH_PIPELINE:datapath_module|REG_FILE:reg_file|reg_memory[20][3]            ; 1       ;
; DATAPATH_PIPELINE:datapath_module|REG_FILE:reg_file|reg_memory[18][3]            ; 1       ;
; DATAPATH_PIPELINE:datapath_module|REG_FILE:reg_file|Mux28~1                      ; 1       ;
; DATAPATH_PIPELINE:datapath_module|REG_FILE:reg_file|reg_memory[14][3]            ; 1       ;
; DATAPATH_PIPELINE:datapath_module|REG_FILE:reg_file|Mux28~0                      ; 1       ;
; DATAPATH_PIPELINE:datapath_module|REG_FILE:reg_file|reg_memory[8][3]             ; 1       ;
; DATAPATH_PIPELINE:datapath_module|REG_FILE:reg_file|reg_memory[10][3]            ; 1       ;
; DATAPATH_PIPELINE:datapath_module|REG_FILE:reg_file|reg_memory[12][3]            ; 1       ;
; DATAPATH_PIPELINE:datapath_module|REG_FILE:reg_file|read_data2[4]~318            ; 1       ;
; DATAPATH_PIPELINE:datapath_module|REG_FILE:reg_file|read_data2[4]~317            ; 1       ;
; DATAPATH_PIPELINE:datapath_module|REG_FILE:reg_file|read_data2[4]~316            ; 1       ;
; DATAPATH_PIPELINE:datapath_module|REG_FILE:reg_file|reg_memory[31][4]            ; 1       ;
; DATAPATH_PIPELINE:datapath_module|REG_FILE:reg_file|read_data2[4]~315            ; 1       ;
; DATAPATH_PIPELINE:datapath_module|REG_FILE:reg_file|reg_memory[7][4]             ; 1       ;
; DATAPATH_PIPELINE:datapath_module|REG_FILE:reg_file|reg_memory[15][4]            ; 1       ;
; DATAPATH_PIPELINE:datapath_module|REG_FILE:reg_file|reg_memory[23][4]            ; 1       ;
; DATAPATH_PIPELINE:datapath_module|REG_FILE:reg_file|read_data2[4]~314            ; 1       ;
; DATAPATH_PIPELINE:datapath_module|REG_FILE:reg_file|read_data2[4]~313            ; 1       ;
; DATAPATH_PIPELINE:datapath_module|REG_FILE:reg_file|reg_memory[25][4]            ; 1       ;
; DATAPATH_PIPELINE:datapath_module|REG_FILE:reg_file|read_data2[4]~312            ; 1       ;
; DATAPATH_PIPELINE:datapath_module|REG_FILE:reg_file|reg_memory[1][4]             ; 1       ;
; DATAPATH_PIPELINE:datapath_module|REG_FILE:reg_file|reg_memory[17][4]            ; 1       ;
; DATAPATH_PIPELINE:datapath_module|REG_FILE:reg_file|reg_memory[9][4]             ; 1       ;
; DATAPATH_PIPELINE:datapath_module|REG_FILE:reg_file|read_data2[4]~311            ; 1       ;
; DATAPATH_PIPELINE:datapath_module|REG_FILE:reg_file|reg_memory[29][4]            ; 1       ;
; DATAPATH_PIPELINE:datapath_module|REG_FILE:reg_file|read_data2[4]~310            ; 1       ;
; DATAPATH_PIPELINE:datapath_module|REG_FILE:reg_file|reg_memory[5][4]             ; 1       ;
; DATAPATH_PIPELINE:datapath_module|REG_FILE:reg_file|reg_memory[21][4]            ; 1       ;
; DATAPATH_PIPELINE:datapath_module|REG_FILE:reg_file|reg_memory[13][4]            ; 1       ;
; DATAPATH_PIPELINE:datapath_module|REG_FILE:reg_file|read_data2[4]~309            ; 1       ;
; DATAPATH_PIPELINE:datapath_module|REG_FILE:reg_file|reg_memory[27][4]            ; 1       ;
; DATAPATH_PIPELINE:datapath_module|REG_FILE:reg_file|read_data2[4]~308            ; 1       ;
; DATAPATH_PIPELINE:datapath_module|REG_FILE:reg_file|reg_memory[3][4]             ; 1       ;
; DATAPATH_PIPELINE:datapath_module|REG_FILE:reg_file|reg_memory[11][4]            ; 1       ;
; DATAPATH_PIPELINE:datapath_module|REG_FILE:reg_file|reg_memory[19][4]            ; 1       ;
; DATAPATH_PIPELINE:datapath_module|REG_FILE:reg_file|read_data1[4]~28             ; 1       ;
; DATAPATH_PIPELINE:datapath_module|REG_FILE:reg_file|Mux27~8                      ; 1       ;
; DATAPATH_PIPELINE:datapath_module|REG_FILE:reg_file|reg_memory[30][4]            ; 1       ;
; DATAPATH_PIPELINE:datapath_module|REG_FILE:reg_file|Mux27~7                      ; 1       ;
; DATAPATH_PIPELINE:datapath_module|REG_FILE:reg_file|reg_memory[24][4]            ; 1       ;
; DATAPATH_PIPELINE:datapath_module|REG_FILE:reg_file|reg_memory[26][4]            ; 1       ;
; DATAPATH_PIPELINE:datapath_module|REG_FILE:reg_file|reg_memory[28][4]            ; 1       ;
; DATAPATH_PIPELINE:datapath_module|REG_FILE:reg_file|Mux27~6                      ; 1       ;
; DATAPATH_PIPELINE:datapath_module|REG_FILE:reg_file|Mux27~5                      ; 1       ;
; DATAPATH_PIPELINE:datapath_module|REG_FILE:reg_file|reg_memory[4][4]             ; 1       ;
; DATAPATH_PIPELINE:datapath_module|REG_FILE:reg_file|Mux27~4                      ; 1       ;
; DATAPATH_PIPELINE:datapath_module|REG_FILE:reg_file|reg_memory[2][4]             ; 1       ;
; DATAPATH_PIPELINE:datapath_module|REG_FILE:reg_file|reg_memory[6][4]             ; 1       ;
; DATAPATH_PIPELINE:datapath_module|REG_FILE:reg_file|Mux27~3                      ; 1       ;
; DATAPATH_PIPELINE:datapath_module|REG_FILE:reg_file|reg_memory[14][4]            ; 1       ;
; DATAPATH_PIPELINE:datapath_module|REG_FILE:reg_file|Mux27~2                      ; 1       ;
; DATAPATH_PIPELINE:datapath_module|REG_FILE:reg_file|reg_memory[8][4]             ; 1       ;
; DATAPATH_PIPELINE:datapath_module|REG_FILE:reg_file|reg_memory[10][4]            ; 1       ;
; DATAPATH_PIPELINE:datapath_module|REG_FILE:reg_file|reg_memory[12][4]            ; 1       ;
; DATAPATH_PIPELINE:datapath_module|REG_FILE:reg_file|Mux27~1                      ; 1       ;
; DATAPATH_PIPELINE:datapath_module|REG_FILE:reg_file|reg_memory[22][4]            ; 1       ;
; DATAPATH_PIPELINE:datapath_module|REG_FILE:reg_file|Mux27~0                      ; 1       ;
; DATAPATH_PIPELINE:datapath_module|REG_FILE:reg_file|reg_memory[16][4]            ; 1       ;
; DATAPATH_PIPELINE:datapath_module|REG_FILE:reg_file|reg_memory[20][4]            ; 1       ;
; DATAPATH_PIPELINE:datapath_module|REG_FILE:reg_file|reg_memory[18][4]            ; 1       ;
; DATAPATH_PIPELINE:datapath_module|ALU:alu|Mux27~8                                ; 1       ;
; DATAPATH_PIPELINE:datapath_module|REG_FILE:reg_file|read_data2[5]~307            ; 1       ;
; DATAPATH_PIPELINE:datapath_module|REG_FILE:reg_file|read_data2[5]~306            ; 1       ;
; DATAPATH_PIPELINE:datapath_module|REG_FILE:reg_file|read_data2[5]~305            ; 1       ;
; DATAPATH_PIPELINE:datapath_module|REG_FILE:reg_file|reg_memory[31][5]            ; 1       ;
; DATAPATH_PIPELINE:datapath_module|REG_FILE:reg_file|read_data2[5]~304            ; 1       ;
; DATAPATH_PIPELINE:datapath_module|REG_FILE:reg_file|reg_memory[7][5]             ; 1       ;
; DATAPATH_PIPELINE:datapath_module|REG_FILE:reg_file|reg_memory[23][5]            ; 1       ;
; DATAPATH_PIPELINE:datapath_module|REG_FILE:reg_file|reg_memory[15][5]            ; 1       ;
; DATAPATH_PIPELINE:datapath_module|REG_FILE:reg_file|read_data2[5]~303            ; 1       ;
; DATAPATH_PIPELINE:datapath_module|REG_FILE:reg_file|read_data2[5]~302            ; 1       ;
; DATAPATH_PIPELINE:datapath_module|REG_FILE:reg_file|reg_memory[25][5]            ; 1       ;
; DATAPATH_PIPELINE:datapath_module|REG_FILE:reg_file|read_data2[5]~301            ; 1       ;
; DATAPATH_PIPELINE:datapath_module|REG_FILE:reg_file|reg_memory[1][5]             ; 1       ;
; DATAPATH_PIPELINE:datapath_module|REG_FILE:reg_file|reg_memory[9][5]             ; 1       ;
; DATAPATH_PIPELINE:datapath_module|REG_FILE:reg_file|reg_memory[17][5]            ; 1       ;
; DATAPATH_PIPELINE:datapath_module|REG_FILE:reg_file|read_data2[5]~300            ; 1       ;
; DATAPATH_PIPELINE:datapath_module|REG_FILE:reg_file|reg_memory[29][5]            ; 1       ;
; DATAPATH_PIPELINE:datapath_module|REG_FILE:reg_file|read_data2[5]~299            ; 1       ;
; DATAPATH_PIPELINE:datapath_module|REG_FILE:reg_file|reg_memory[5][5]             ; 1       ;
; DATAPATH_PIPELINE:datapath_module|REG_FILE:reg_file|reg_memory[13][5]            ; 1       ;
; DATAPATH_PIPELINE:datapath_module|REG_FILE:reg_file|reg_memory[21][5]            ; 1       ;
; DATAPATH_PIPELINE:datapath_module|REG_FILE:reg_file|read_data2[5]~298            ; 1       ;
; DATAPATH_PIPELINE:datapath_module|REG_FILE:reg_file|reg_memory[27][5]            ; 1       ;
; DATAPATH_PIPELINE:datapath_module|REG_FILE:reg_file|read_data2[5]~297            ; 1       ;
; DATAPATH_PIPELINE:datapath_module|REG_FILE:reg_file|reg_memory[3][5]             ; 1       ;
; DATAPATH_PIPELINE:datapath_module|REG_FILE:reg_file|reg_memory[19][5]            ; 1       ;
; DATAPATH_PIPELINE:datapath_module|REG_FILE:reg_file|reg_memory[11][5]            ; 1       ;
; DATAPATH_PIPELINE:datapath_module|REG_FILE:reg_file|read_data1[5]~27             ; 1       ;
; DATAPATH_PIPELINE:datapath_module|REG_FILE:reg_file|Mux26~8                      ; 1       ;
; DATAPATH_PIPELINE:datapath_module|REG_FILE:reg_file|reg_memory[30][5]            ; 1       ;
; DATAPATH_PIPELINE:datapath_module|REG_FILE:reg_file|Mux26~7                      ; 1       ;
; DATAPATH_PIPELINE:datapath_module|REG_FILE:reg_file|reg_memory[24][5]            ; 1       ;
; DATAPATH_PIPELINE:datapath_module|REG_FILE:reg_file|reg_memory[26][5]            ; 1       ;
; DATAPATH_PIPELINE:datapath_module|REG_FILE:reg_file|reg_memory[28][5]            ; 1       ;
; DATAPATH_PIPELINE:datapath_module|REG_FILE:reg_file|Mux26~6                      ; 1       ;
; DATAPATH_PIPELINE:datapath_module|REG_FILE:reg_file|Mux26~5                      ; 1       ;
; DATAPATH_PIPELINE:datapath_module|REG_FILE:reg_file|reg_memory[4][5]             ; 1       ;
; DATAPATH_PIPELINE:datapath_module|REG_FILE:reg_file|Mux26~4                      ; 1       ;
; DATAPATH_PIPELINE:datapath_module|REG_FILE:reg_file|reg_memory[2][5]             ; 1       ;
; DATAPATH_PIPELINE:datapath_module|REG_FILE:reg_file|reg_memory[6][5]             ; 1       ;
; DATAPATH_PIPELINE:datapath_module|REG_FILE:reg_file|Mux26~3                      ; 1       ;
; DATAPATH_PIPELINE:datapath_module|REG_FILE:reg_file|reg_memory[22][5]            ; 1       ;
; DATAPATH_PIPELINE:datapath_module|REG_FILE:reg_file|Mux26~2                      ; 1       ;
; DATAPATH_PIPELINE:datapath_module|REG_FILE:reg_file|reg_memory[16][5]            ; 1       ;
; DATAPATH_PIPELINE:datapath_module|REG_FILE:reg_file|reg_memory[20][5]            ; 1       ;
; DATAPATH_PIPELINE:datapath_module|REG_FILE:reg_file|reg_memory[18][5]            ; 1       ;
; DATAPATH_PIPELINE:datapath_module|REG_FILE:reg_file|Mux26~1                      ; 1       ;
; DATAPATH_PIPELINE:datapath_module|REG_FILE:reg_file|reg_memory[14][5]            ; 1       ;
; DATAPATH_PIPELINE:datapath_module|REG_FILE:reg_file|Mux26~0                      ; 1       ;
; DATAPATH_PIPELINE:datapath_module|REG_FILE:reg_file|reg_memory[8][5]             ; 1       ;
; DATAPATH_PIPELINE:datapath_module|REG_FILE:reg_file|reg_memory[10][5]            ; 1       ;
; DATAPATH_PIPELINE:datapath_module|REG_FILE:reg_file|reg_memory[12][5]            ; 1       ;
; DATAPATH_PIPELINE:datapath_module|ALU:alu|Mux26~6                                ; 1       ;
; DATAPATH_PIPELINE:datapath_module|REG_FILE:reg_file|read_data2[6]~296            ; 1       ;
; DATAPATH_PIPELINE:datapath_module|REG_FILE:reg_file|read_data2[6]~295            ; 1       ;
; DATAPATH_PIPELINE:datapath_module|REG_FILE:reg_file|read_data2[6]~294            ; 1       ;
; DATAPATH_PIPELINE:datapath_module|REG_FILE:reg_file|reg_memory[31][6]            ; 1       ;
; DATAPATH_PIPELINE:datapath_module|REG_FILE:reg_file|read_data2[6]~293            ; 1       ;
; DATAPATH_PIPELINE:datapath_module|REG_FILE:reg_file|reg_memory[7][6]             ; 1       ;
; DATAPATH_PIPELINE:datapath_module|REG_FILE:reg_file|reg_memory[15][6]            ; 1       ;
; DATAPATH_PIPELINE:datapath_module|REG_FILE:reg_file|reg_memory[23][6]            ; 1       ;
; DATAPATH_PIPELINE:datapath_module|REG_FILE:reg_file|read_data2[6]~292            ; 1       ;
; DATAPATH_PIPELINE:datapath_module|REG_FILE:reg_file|read_data2[6]~291            ; 1       ;
; DATAPATH_PIPELINE:datapath_module|REG_FILE:reg_file|reg_memory[25][6]            ; 1       ;
; DATAPATH_PIPELINE:datapath_module|REG_FILE:reg_file|read_data2[6]~290            ; 1       ;
; DATAPATH_PIPELINE:datapath_module|REG_FILE:reg_file|reg_memory[1][6]             ; 1       ;
; DATAPATH_PIPELINE:datapath_module|REG_FILE:reg_file|reg_memory[17][6]            ; 1       ;
; DATAPATH_PIPELINE:datapath_module|REG_FILE:reg_file|reg_memory[9][6]             ; 1       ;
; DATAPATH_PIPELINE:datapath_module|REG_FILE:reg_file|read_data2[6]~289            ; 1       ;
; DATAPATH_PIPELINE:datapath_module|REG_FILE:reg_file|reg_memory[29][6]            ; 1       ;
; DATAPATH_PIPELINE:datapath_module|REG_FILE:reg_file|read_data2[6]~288            ; 1       ;
; DATAPATH_PIPELINE:datapath_module|REG_FILE:reg_file|reg_memory[5][6]             ; 1       ;
; DATAPATH_PIPELINE:datapath_module|REG_FILE:reg_file|reg_memory[21][6]            ; 1       ;
; DATAPATH_PIPELINE:datapath_module|REG_FILE:reg_file|reg_memory[13][6]            ; 1       ;
; DATAPATH_PIPELINE:datapath_module|REG_FILE:reg_file|read_data2[6]~287            ; 1       ;
; DATAPATH_PIPELINE:datapath_module|REG_FILE:reg_file|reg_memory[27][6]            ; 1       ;
; DATAPATH_PIPELINE:datapath_module|REG_FILE:reg_file|read_data2[6]~286            ; 1       ;
; DATAPATH_PIPELINE:datapath_module|REG_FILE:reg_file|reg_memory[3][6]             ; 1       ;
; DATAPATH_PIPELINE:datapath_module|REG_FILE:reg_file|reg_memory[11][6]            ; 1       ;
; DATAPATH_PIPELINE:datapath_module|REG_FILE:reg_file|reg_memory[19][6]            ; 1       ;
; DATAPATH_PIPELINE:datapath_module|REG_FILE:reg_file|read_data1[6]~26             ; 1       ;
; DATAPATH_PIPELINE:datapath_module|REG_FILE:reg_file|Mux25~8                      ; 1       ;
; DATAPATH_PIPELINE:datapath_module|REG_FILE:reg_file|reg_memory[30][6]            ; 1       ;
; DATAPATH_PIPELINE:datapath_module|REG_FILE:reg_file|Mux25~7                      ; 1       ;
; DATAPATH_PIPELINE:datapath_module|REG_FILE:reg_file|reg_memory[24][6]            ; 1       ;
; DATAPATH_PIPELINE:datapath_module|REG_FILE:reg_file|reg_memory[26][6]            ; 1       ;
; DATAPATH_PIPELINE:datapath_module|REG_FILE:reg_file|reg_memory[28][6]            ; 1       ;
; DATAPATH_PIPELINE:datapath_module|REG_FILE:reg_file|Mux25~6                      ; 1       ;
; DATAPATH_PIPELINE:datapath_module|REG_FILE:reg_file|Mux25~5                      ; 1       ;
; DATAPATH_PIPELINE:datapath_module|REG_FILE:reg_file|reg_memory[4][6]             ; 1       ;
; DATAPATH_PIPELINE:datapath_module|REG_FILE:reg_file|Mux25~4                      ; 1       ;
; DATAPATH_PIPELINE:datapath_module|REG_FILE:reg_file|reg_memory[2][6]             ; 1       ;
; DATAPATH_PIPELINE:datapath_module|REG_FILE:reg_file|reg_memory[6][6]             ; 1       ;
; DATAPATH_PIPELINE:datapath_module|REG_FILE:reg_file|Mux25~3                      ; 1       ;
; DATAPATH_PIPELINE:datapath_module|REG_FILE:reg_file|reg_memory[14][6]            ; 1       ;
; DATAPATH_PIPELINE:datapath_module|REG_FILE:reg_file|Mux25~2                      ; 1       ;
; DATAPATH_PIPELINE:datapath_module|REG_FILE:reg_file|reg_memory[8][6]             ; 1       ;
; DATAPATH_PIPELINE:datapath_module|REG_FILE:reg_file|reg_memory[10][6]            ; 1       ;
; DATAPATH_PIPELINE:datapath_module|REG_FILE:reg_file|reg_memory[12][6]            ; 1       ;
; DATAPATH_PIPELINE:datapath_module|REG_FILE:reg_file|Mux25~1                      ; 1       ;
; DATAPATH_PIPELINE:datapath_module|REG_FILE:reg_file|reg_memory[22][6]            ; 1       ;
; DATAPATH_PIPELINE:datapath_module|REG_FILE:reg_file|Mux25~0                      ; 1       ;
; DATAPATH_PIPELINE:datapath_module|REG_FILE:reg_file|reg_memory[16][6]            ; 1       ;
; DATAPATH_PIPELINE:datapath_module|REG_FILE:reg_file|reg_memory[20][6]            ; 1       ;
; DATAPATH_PIPELINE:datapath_module|REG_FILE:reg_file|reg_memory[18][6]            ; 1       ;
; DATAPATH_PIPELINE:datapath_module|ALU:alu|Mux25~7                                ; 1       ;
; DATAPATH_PIPELINE:datapath_module|REG_FILE:reg_file|read_data2[7]~285            ; 1       ;
; DATAPATH_PIPELINE:datapath_module|REG_FILE:reg_file|read_data2[7]~284            ; 1       ;
; DATAPATH_PIPELINE:datapath_module|REG_FILE:reg_file|read_data2[7]~283            ; 1       ;
; DATAPATH_PIPELINE:datapath_module|REG_FILE:reg_file|reg_memory[31][7]            ; 1       ;
; DATAPATH_PIPELINE:datapath_module|REG_FILE:reg_file|read_data2[7]~282            ; 1       ;
; DATAPATH_PIPELINE:datapath_module|REG_FILE:reg_file|reg_memory[7][7]             ; 1       ;
; DATAPATH_PIPELINE:datapath_module|REG_FILE:reg_file|reg_memory[23][7]            ; 1       ;
; DATAPATH_PIPELINE:datapath_module|REG_FILE:reg_file|reg_memory[15][7]            ; 1       ;
; DATAPATH_PIPELINE:datapath_module|REG_FILE:reg_file|read_data2[7]~281            ; 1       ;
; DATAPATH_PIPELINE:datapath_module|REG_FILE:reg_file|read_data2[7]~280            ; 1       ;
; DATAPATH_PIPELINE:datapath_module|REG_FILE:reg_file|reg_memory[25][7]            ; 1       ;
+----------------------------------------------------------------------------------+---------+


+-----------------------------------------------------------------------------------------------+
; Fitter DSP Block Usage Summary                                                                ;
+---------------------------------------+-------------+---------------------+-------------------+
; Statistic                             ; Number Used ; Available per Block ; Maximum Available ;
+---------------------------------------+-------------+---------------------+-------------------+
; Simple Multipliers (9-bit)            ; 0           ; 2                   ; 70                ;
; Simple Multipliers (18-bit)           ; 3           ; 1                   ; 35                ;
; Embedded Multiplier Blocks            ; 3           ; --                  ; 35                ;
; Embedded Multiplier 9-bit elements    ; 6           ; 2                   ; 70                ;
; Signed Embedded Multipliers           ; 0           ; --                  ; --                ;
; Unsigned Embedded Multipliers         ; 3           ; --                  ; --                ;
; Mixed Sign Embedded Multipliers       ; 0           ; --                  ; --                ;
; Variable Sign Embedded Multipliers    ; 0           ; --                  ; --                ;
; Dedicated Input Shift Register Chains ; 0           ; --                  ; --                ;
+---------------------------------------+-------------+---------------------+-------------------+


+----------------------------------------------------------------------------------------------------------------------------------------------------------------------------------------------------------------------------------------------------------------------------------------------+
; DSP Block Details                                                                                                                                                                                                                                                                            ;
+-----------------------------------------------------------------------------------------------+----------------------------+--------------------+---------------------+--------------------------------+-----------------------+-----------------------+-------------------+-----------------+
; Name                                                                                          ; Mode                       ; Location           ; Sign Representation ; Has Input Shift Register Chain ; Data A Input Register ; Data B Input Register ; Pipeline Register ; Output Register ;
+-----------------------------------------------------------------------------------------------+----------------------------+--------------------+---------------------+--------------------------------+-----------------------+-----------------------+-------------------+-----------------+
; DATAPATH_PIPELINE:datapath_module|ALU:alu|lpm_mult:Mult0|mult_l8t:auto_generated|w513w[0]     ; Simple Multiplier (18-bit) ; DSPOUT_X39_Y20_N2  ;                     ; No                             ;                       ;                       ;                   ; no              ;
;    DATAPATH_PIPELINE:datapath_module|ALU:alu|lpm_mult:Mult0|mult_l8t:auto_generated|mac_mult1 ;                            ; DSPMULT_X39_Y20_N0 ; Variable            ;                                ; no                    ; no                    ; no                ;                 ;
; DATAPATH_PIPELINE:datapath_module|ALU:alu|lpm_mult:Mult0|mult_l8t:auto_generated|mac_out4     ; Simple Multiplier (18-bit) ; DSPOUT_X39_Y21_N2  ;                     ; No                             ;                       ;                       ;                   ; no              ;
;    DATAPATH_PIPELINE:datapath_module|ALU:alu|lpm_mult:Mult0|mult_l8t:auto_generated|mac_mult3 ;                            ; DSPMULT_X39_Y21_N0 ; Variable            ;                                ; no                    ; no                    ; no                ;                 ;
; DATAPATH_PIPELINE:datapath_module|ALU:alu|lpm_mult:Mult0|mult_l8t:auto_generated|mac_out6     ; Simple Multiplier (18-bit) ; DSPOUT_X39_Y19_N2  ;                     ; No                             ;                       ;                       ;                   ; no              ;
;    DATAPATH_PIPELINE:datapath_module|ALU:alu|lpm_mult:Mult0|mult_l8t:auto_generated|mac_mult5 ;                            ; DSPMULT_X39_Y19_N0 ; Variable            ;                                ; no                    ; no                    ; no                ;                 ;
+-----------------------------------------------------------------------------------------------+----------------------------+--------------------+---------------------+--------------------------------+-----------------------+-----------------------+-------------------+-----------------+


+------------------------------------------------------+
; Other Routing Usage Summary                          ;
+-----------------------------+------------------------+
; Other Routing Resource Type ; Usage                  ;
+-----------------------------+------------------------+
; Block interconnects         ; 3,332 / 94,460 ( 4 % ) ;
; C16 interconnects           ; 19 / 3,315 ( < 1 % )   ;
; C4 interconnects            ; 1,771 / 60,840 ( 3 % ) ;
; Direct links                ; 521 / 94,460 ( < 1 % ) ;
; Global clocks               ; 2 / 16 ( 13 % )        ;
; Local interconnects         ; 924 / 33,216 ( 3 % )   ;
; R24 interconnects           ; 23 / 3,091 ( < 1 % )   ;
; R4 interconnects            ; 2,052 / 81,294 ( 3 % ) ;
+-----------------------------+------------------------+


+-----------------------------------------------------------------------------+
; LAB Logic Elements                                                          ;
+---------------------------------------------+-------------------------------+
; Number of Logic Elements  (Average = 14.55) ; Number of LABs  (Total = 143) ;
+---------------------------------------------+-------------------------------+
; 1                                           ; 1                             ;
; 2                                           ; 2                             ;
; 3                                           ; 0                             ;
; 4                                           ; 2                             ;
; 5                                           ; 1                             ;
; 6                                           ; 2                             ;
; 7                                           ; 2                             ;
; 8                                           ; 0                             ;
; 9                                           ; 0                             ;
; 10                                          ; 2                             ;
; 11                                          ; 4                             ;
; 12                                          ; 3                             ;
; 13                                          ; 6                             ;
; 14                                          ; 7                             ;
; 15                                          ; 15                            ;
; 16                                          ; 96                            ;
+---------------------------------------------+-------------------------------+


+--------------------------------------------------------------------+
; LAB-wide Signals                                                   ;
+------------------------------------+-------------------------------+
; LAB-wide Signals  (Average = 2.24) ; Number of LABs  (Total = 143) ;
+------------------------------------+-------------------------------+
; 1 Async. clear                     ; 120                           ;
; 1 Clock                            ; 120                           ;
; 1 Clock enable                     ; 5                             ;
; 1 Sync. clear                      ; 2                             ;
; 2 Clock enables                    ; 73                            ;
+------------------------------------+-------------------------------+


+------------------------------------------------------------------------------+
; LAB Signals Sourced                                                          ;
+----------------------------------------------+-------------------------------+
; Number of Signals Sourced  (Average = 20.13) ; Number of LABs  (Total = 143) ;
+----------------------------------------------+-------------------------------+
; 0                                            ; 1                             ;
; 1                                            ; 2                             ;
; 2                                            ; 1                             ;
; 3                                            ; 0                             ;
; 4                                            ; 1                             ;
; 5                                            ; 1                             ;
; 6                                            ; 2                             ;
; 7                                            ; 3                             ;
; 8                                            ; 0                             ;
; 9                                            ; 1                             ;
; 10                                           ; 0                             ;
; 11                                           ; 2                             ;
; 12                                           ; 0                             ;
; 13                                           ; 0                             ;
; 14                                           ; 6                             ;
; 15                                           ; 3                             ;
; 16                                           ; 14                            ;
; 17                                           ; 4                             ;
; 18                                           ; 10                            ;
; 19                                           ; 7                             ;
; 20                                           ; 8                             ;
; 21                                           ; 8                             ;
; 22                                           ; 5                             ;
; 23                                           ; 9                             ;
; 24                                           ; 16                            ;
; 25                                           ; 16                            ;
; 26                                           ; 6                             ;
; 27                                           ; 8                             ;
; 28                                           ; 2                             ;
; 29                                           ; 3                             ;
; 30                                           ; 2                             ;
; 31                                           ; 1                             ;
; 32                                           ; 1                             ;
+----------------------------------------------+-------------------------------+


+---------------------------------------------------------------------------------+
; LAB Signals Sourced Out                                                         ;
+-------------------------------------------------+-------------------------------+
; Number of Signals Sourced Out  (Average = 9.24) ; Number of LABs  (Total = 143) ;
+-------------------------------------------------+-------------------------------+
; 0                                               ; 1                             ;
; 1                                               ; 3                             ;
; 2                                               ; 1                             ;
; 3                                               ; 4                             ;
; 4                                               ; 3                             ;
; 5                                               ; 4                             ;
; 6                                               ; 7                             ;
; 7                                               ; 9                             ;
; 8                                               ; 34                            ;
; 9                                               ; 18                            ;
; 10                                              ; 12                            ;
; 11                                              ; 17                            ;
; 12                                              ; 9                             ;
; 13                                              ; 3                             ;
; 14                                              ; 5                             ;
; 15                                              ; 3                             ;
; 16                                              ; 9                             ;
; 17                                              ; 0                             ;
; 18                                              ; 0                             ;
; 19                                              ; 0                             ;
; 20                                              ; 1                             ;
+-------------------------------------------------+-------------------------------+


+------------------------------------------------------------------------------+
; LAB Distinct Inputs                                                          ;
+----------------------------------------------+-------------------------------+
; Number of Distinct Inputs  (Average = 22.57) ; Number of LABs  (Total = 143) ;
+----------------------------------------------+-------------------------------+
; 0                                            ; 0                             ;
; 1                                            ; 0                             ;
; 2                                            ; 0                             ;
; 3                                            ; 2                             ;
; 4                                            ; 1                             ;
; 5                                            ; 1                             ;
; 6                                            ; 2                             ;
; 7                                            ; 1                             ;
; 8                                            ; 0                             ;
; 9                                            ; 1                             ;
; 10                                           ; 1                             ;
; 11                                           ; 1                             ;
; 12                                           ; 0                             ;
; 13                                           ; 2                             ;
; 14                                           ; 15                            ;
; 15                                           ; 2                             ;
; 16                                           ; 2                             ;
; 17                                           ; 4                             ;
; 18                                           ; 3                             ;
; 19                                           ; 10                            ;
; 20                                           ; 7                             ;
; 21                                           ; 8                             ;
; 22                                           ; 6                             ;
; 23                                           ; 6                             ;
; 24                                           ; 3                             ;
; 25                                           ; 5                             ;
; 26                                           ; 7                             ;
; 27                                           ; 7                             ;
; 28                                           ; 7                             ;
; 29                                           ; 4                             ;
; 30                                           ; 8                             ;
; 31                                           ; 10                            ;
; 32                                           ; 15                            ;
; 33                                           ; 2                             ;
+----------------------------------------------+-------------------------------+


+-------------------------------------------------------------------------+
; Fitter Device Options                                                   ;
+----------------------------------------------+--------------------------+
; Option                                       ; Setting                  ;
+----------------------------------------------+--------------------------+
; Enable user-supplied start-up clock (CLKUSR) ; Off                      ;
; Enable device-wide reset (DEV_CLRn)          ; Off                      ;
; Enable device-wide output enable (DEV_OE)    ; Off                      ;
; Enable INIT_DONE output                      ; Off                      ;
; Configuration scheme                         ; Active Serial            ;
; Error detection CRC                          ; Off                      ;
; nCEO                                         ; As output driving ground ;
; ASDO,nCSO                                    ; As input tri-stated      ;
; Reserve all unused pins                      ; As output driving ground ;
; Base pin-out file on sameframe device        ; Off                      ;
+----------------------------------------------+--------------------------+


+------------------------------------+
; Operating Settings and Conditions  ;
+---------------------------+--------+
; Setting                   ; Value  ;
+---------------------------+--------+
; Nominal Core Voltage      ; 1.20 V ;
; Low Junction Temperature  ; 0 °C   ;
; High Junction Temperature ; 85 °C  ;
+---------------------------+--------+


+-----------------+
; Fitter Messages ;
+-----------------+
Warning (20028): Parallel compilation is not licensed and has been disabled
Info (119006): Selected device EP2C35F672C6 for design "PROCESSOR_PIPELINE"
Info (21077): Low junction temperature is 0 degrees C
Info (21077): High junction temperature is 85 degrees C
Info (171003): Fitter is performing an Auto Fit compilation, which may decrease Fitter effort to reduce compilation time
Warning (292013): Feature LogicLock is only available with a valid subscription license. You can purchase a software subscription to gain full access to this feature.
Info (176444): Device migration not selected. If you intend to use device migration later, you may need to change the pin assignments as they may be incompatible with other devices
    Info (176445): Device EP2C50F672C6 is compatible
    Info (176445): Device EP2C70F672C6 is compatible
Info (169124): Fitter converted 3 user pins into dedicated programming pins
    Info (169125): Pin ~ASDO~ is reserved at location E3
    Info (169125): Pin ~nCSO~ is reserved at location D3
    Info (169125): Pin ~LVDS150p/nCEO~ is reserved at location AE24
Critical Warning (169085): No exact pin location assignment(s) for 3 pins of 3 total pins
    Info (169086): Pin zero not assigned to an exact location on the device
    Info (169086): Pin clock not assigned to an exact location on the device
    Info (169086): Pin reset not assigned to an exact location on the device
Critical Warning (332012): Synopsys Design Constraints File file not found: 'PROCESSOR_PIPELINE.sdc'. A Synopsys Design Constraints File is required by the TimeQuest Timing Analyzer to get proper timing constraints. Without it, the Compiler will not properly optimize the design.
Info (332144): No user constrained base clocks found in the design
Info (332130): Timing requirements not specified -- quality metrics such as performance may be sacrificed to reduce compilation time.
Info (176353): Automatically promoted node clock (placed in PIN P2 (CLK2, LVDSCLK1p, Input))
    Info (176355): Automatically promoted destinations to use location or clock signal Global Clock CLKCTRL_G3
Info (176353): Automatically promoted node reset (placed in PIN P1 (CLK3, LVDSCLK1n, Input))
    Info (176355): Automatically promoted destinations to use location or clock signal Global Clock CLKCTRL_G1
    Info (176356): Following destination nodes may be non-global or may not use global or regional clocks
        Info (176357): Destination node DATAPATH_PIPELINE:datapath_module|IF_ID_REG:if_id_reg|id_instruction[14]
        Info (176357): Destination node DATAPATH_PIPELINE:datapath_module|IF_ID_REG:if_id_reg|id_instruction[13]
        Info (176357): Destination node DATAPATH_PIPELINE:datapath_module|IF_ID_REG:if_id_reg|id_instruction[12]
        Info (176357): Destination node DATAPATH_PIPELINE:datapath_module|IF_ID_REG:if_id_reg|id_instruction[18]
        Info (176357): Destination node DATAPATH_PIPELINE:datapath_module|IF_ID_REG:if_id_reg|id_instruction[19]
        Info (176357): Destination node DATAPATH_PIPELINE:datapath_module|IF_ID_REG:if_id_reg|id_instruction[16]
        Info (176357): Destination node DATAPATH_PIPELINE:datapath_module|IF_ID_REG:if_id_reg|id_instruction[17]
        Info (176357): Destination node DATAPATH_PIPELINE:datapath_module|IF_ID_REG:if_id_reg|id_instruction[11]
        Info (176357): Destination node DATAPATH_PIPELINE:datapath_module|IF_ID_REG:if_id_reg|id_instruction[10]
        Info (176357): Destination node DATAPATH_PIPELINE:datapath_module|IF_ID_REG:if_id_reg|id_instruction[9]
        Info (176358): Non-global destination nodes limited to 10 nodes
Info (176233): Starting register packing
Info (176235): Finished register packing
    Extra Info (176219): No registers were packed into other blocks
Info (176214): Statistics of I/O pins that need to be placed that use the same VCCIO and VREF, before I/O pin placement
    Info (176211): Number of I/O pins in group: 1 (unused VREF, 3.3V VCCIO, 0 input, 1 output, 0 bidirectional)
        Info (176212): I/O standards used: 3.3-V LVTTL.
Info (176215): I/O bank details before I/O pin placement
    Info (176214): Statistics of I/O banks
        Info (176213): I/O bank number 1 does not use VREF pins and has undetermined VCCIO pins. 2 total pin(s) used --  62 pins available
        Info (176213): I/O bank number 2 does not use VREF pins and has undetermined VCCIO pins. 2 total pin(s) used --  57 pins available
        Info (176213): I/O bank number 3 does not use VREF pins and has undetermined VCCIO pins. 0 total pin(s) used --  56 pins available
        Info (176213): I/O bank number 4 does not use VREF pins and has undetermined VCCIO pins. 0 total pin(s) used --  58 pins available
        Info (176213): I/O bank number 5 does not use VREF pins and has undetermined VCCIO pins. 0 total pin(s) used --  65 pins available
        Info (176213): I/O bank number 6 does not use VREF pins and has undetermined VCCIO pins. 1 total pin(s) used --  58 pins available
        Info (176213): I/O bank number 7 does not use VREF pins and has undetermined VCCIO pins. 0 total pin(s) used --  58 pins available
        Info (176213): I/O bank number 8 does not use VREF pins and has undetermined VCCIO pins. 0 total pin(s) used --  56 pins available
Info (171121): Fitter preparation operations ending: elapsed time is 00:00:01
Info (170189): Fitter placement preparation operations beginning
Info (170190): Fitter placement preparation operations ending: elapsed time is 00:00:01
Info (170191): Fitter placement operations beginning
Info (170137): Fitter placement was successful
Info (170192): Fitter placement operations ending: elapsed time is 00:00:03
Info (170193): Fitter routing operations beginning
Info (170195): Router estimated average interconnect usage is 1% of the available device resources
    Info (170196): Router estimated peak interconnect usage is 20% of the available device resources in the region that extends from location X33_Y12 to location X43_Y23
Info (170194): Fitter routing operations ending: elapsed time is 00:00:02
Info (170199): The Fitter performed an Auto Fit compilation.  Optimizations were skipped to reduce compilation time.
    Info (170201): Optimizations that may affect the design's routability were skipped
Info (11888): Total time spent on timing analysis during the Fitter is 0.70 seconds.
Info (306004): Started post-fitting delay annotation
Warning (306006): Found 1 output pins without output pin load capacitance assignment
    Info (306007): Pin "zero" has no specified output pin load capacitance -- assuming default load capacitance of 0 pF for timing analysis
Info (306005): Delay annotation completed successfully
Info (306004): Started post-fitting delay annotation
Info (306005): Delay annotation completed successfully
Info (11218): Fitter post-fit operations ending: elapsed time is 00:00:01
Warning (169174): The Reserve All Unused Pins setting has not been specified, and will default to 'As output driving ground'.
Info (144001): Generated suppressed messages file D:/Quartus 2/Chuyen_de/Thi_CK/RISC_V_v2/output_files/PROCESSOR_PIPELINE.fit.smsg
Info: Quartus II 64-Bit Fitter was successful. 0 errors, 6 warnings
    Info: Peak virtual memory: 4903 megabytes
    Info: Processing ended: Tue Dec 16 09:42:24 2025
    Info: Elapsed time: 00:00:09
    Info: Total CPU time (on all processors): 00:00:10


+----------------------------+
; Fitter Suppressed Messages ;
+----------------------------+
The suppressed messages can be found in D:/Quartus 2/Chuyen_de/Thi_CK/RISC_V_v2/output_files/PROCESSOR_PIPELINE.fit.smsg.


